[
  {
    "名称": "拙政园",
    "区域": "姑苏区",
    "景点类型": "苏州园林",
    "最适合人群": "家庭亲子",
    "消费": "中等",
    "是否地铁直达": "否",
    "门票价格": "90元",
    "电话号码": "0512-962015",
    "地址": "苏州市姑苏区东北街178号",
    "评分": 4.5,
    "开放时间": "07:30-17:30",
    "特点": "中国四大名园之一，世界文化遗产。"
  },
  {
    "名称": "苏州博物馆",
    "区域": "姑苏区",
    "景点类型": "姑苏古迹",
    "最适合人群": "朋友出游",
    "消费": "便宜",
    "是否地铁直达": "否",
    "门票价格": "免费",
    "电话号码": "0512-67575666",
    "地址": "苏州市姑苏区东北街204号",
    "评分": 4.6,
    "开放时间": "09:00-17:00",
    "特点": "贝聿铭设计的新馆清新雅致，欣赏镇馆之宝越窑秘色瓷莲花碗"
  },
  {
    "名称": "周庄古镇",
    "区域": "昆山",
    "景点类型": "水乡古镇",
    "最适合人群": "朋友出游",
    "消费": "偏贵",
    "是否地铁直达": "否",
    "门票价格": "100元",
    "电话号码": "400-8282900",
    "地址": "苏州市昆山市周庄镇全福路43号",
    "评分": 4.5,
    "开放时间": "07:30-18:50",
    "特点": "小桥流水与人家，双桥水巷摇橹船，还有沈万三的足迹待你寻访"
  },
  {
    "名称": "虎丘景区",
    "区域": "姑苏区",
    "景点类型": "姑苏古迹",
    "最适合人群": "家庭亲子",
    "消费": "中等",
    "是否地铁直达": "否",
    "门票价格": "80元",
    "电话号码": "0512-65323488",
    "地址": "苏州市虎丘区山门内8号",
    "评分": 4.6,
    "开放时间": "07:30-17:00",
    "特点": "山体与江南园林风光相融，精致秀美，了解春秋旧事，观虎丘斜塔。"
  },
  {
    "名称": "狮子林",
    "区域": "姑苏区",
    "景点类型": "苏州园林",
    "最适合人群": "家庭亲子",
    "消费": "便宜",
    "是否地铁直达": "否",
    "门票价格": "40元",
    "电话号码": "0512-67773263",
    "地址": "苏州市姑苏区园林路23号",
    "评分": 4.7,
    "开放时间": "07:30-17:30",
    "特点": "苏州四大名园之一，以假山闻名，数石狮子、钻石头迷宫乐趣无穷。"
  },
  {
    "名称": "寒山寺",
    "区域": "姑苏区",
    "景点类型": "姑苏古迹",
    "最适合人群": "朋友出游",
    "消费": "便宜",
    "是否地铁直达": "否",
    "门票价格": "20元",
    "电话号码": "0512-65336634",
    "地址": "苏州市姑苏区寒山寺弄24号",
    "评分": 4.4,
    "开放时间": "07:30-17:00",
    "特点": "千年名寺，诗句“姑苏城外寒山寺”的出处，来此撞钟、祈福。"
  },
  {
    "名称": "留园",
    "区域": "姑苏区",
    "景点类型": "苏州园林",
    "最适合人群": "家庭亲子",
    "消费": "中等",
    "是否地铁直达": "否",
    "门票价格": "55元",
    "电话号码": "0512-65337903",
    "地址": "苏州市姑苏区阊门外留园路338号",
    "评分": 4.7,
    "开放时间": "07:30-17:00",
    "特点": "小家碧玉式的苏州园林，观赏园中三宝：冠云峰、楠木殿和鱼化石。"
  },
  {
    "名称": "同里古镇",
    "区域": "吴江",
    "景点类型": "水乡古镇",
    "最适合人群": "朋友出游",
    "消费": "偏贵",
    "是否地铁直达": "否",
    "门票价格": "100元",
    "电话号码": "0512-63325728",
    "地址": "苏州市吴江区同里古镇",
    "评分": 4.5,
    "开放时间": "07:30-17:30",
    "特点": "五湖环抱的江南水乡古镇，走三桥，参观小巧精致的园林退思园。"
  },
  {
    "名称": "山塘街",
    "区域": "姑苏区",
    "景点类型": "水乡古镇",
    "最适合人群": "情侣约会",
    "消费": "中等",
    "是否地铁直达": "是",
    "门票价格": "免费",
    "电话号码": "0512-65314467",
    "地址": "苏州市姑苏区古城西北",
    "评分": 4.5,
    "开放时间": "08:30-21:00",
    "特点": "欣赏苏州老城风貌，参观会馆等古迹，乘游船，拍摄美丽的夜景。"
  },
  {
    "名称": "天平山景区",
    "区域": "吴中区",
    "景点类型": "山水景区",
    "最适合人群": "朋友出游",
    "消费": "中等",
    "是否地铁直达": "否",
    "门票价格": "30元",
    "电话号码": "0512-66387422",
    "地址": "苏州市吴中区灵天路",
    "评分": 4.5,
    "开放时间": "07:30-17:00",
    "特点": "范仲淹先祖归葬地，走乱石路体验爬山乐趣，11月中下旬赏红枫。"
  },
  {
    "名称": "平江路",
    "区域": "姑苏区",
    "景点类型": "水乡古镇",
    "最适合人群": "情侣约会",
    "消费": "中等",
    "是否地铁直达": "是",
    "门票价格": "免费",
    "电话号码": "0512-69163907",
    "地址": "江苏省苏州市姑苏区白塔东路65号",
    "评分": 4.5,
    "开放时间": "全天",
    "特点": "漫步保存完整的古街区，看小桥流水古宅，逛文艺小店，吃美食。"
  },
  {
    "名称": "金鸡湖景区",
    "区域": "工业园区",
    "景点类型": "山水景区",
    "最适合人群": "情侣约会",
    "消费": "偏贵",
    "是否地铁直达": "是",
    "门票价格": "免费",
    "电话号码": "400-7558558",
    "地址": "苏州市工业园区星港街158号",
    "评分": 4.5,
    "开放时间": "全天",
    "特点": "看东方之门等高楼，坐摩天轮，乘船夜游，感受苏州现代化的一面。"
  },
  {
    "名称": "观前街",
    "区域": "姑苏区",
    "景点类型": "商业中心",
    "最适合人群": "朋友出游",
    "消费": "中等",
    "是否地铁直达": "是",
    "门票价格": "免费",
    "电话号码": "无",
    "地址": "苏州市姑苏区观前街",
    "评分": 4.3,
    "开放时间": "全天",
    "特点": "松鹤楼、黄天源，苏州老字号里吃美食；游览街名的来源玄妙观。"
  },
  {
    "名称": "木渎古镇",
    "区域": "吴中区",
    "景点类型": "水乡古镇",
    "最适合人群": "朋友出游",
    "消费": "便宜",
    "是否地铁直达": "否",
    "门票价格": "免费",
    "电话号码": "0512-66514042",
    "地址": "苏州市吴中区木渎镇山塘街188号",
    "评分": 4.4,
    "开放时间": "08:30-17:00",
    "特点": "以园林为特色的古镇，游严家花园等古典园林，坐船看小桥流水。"
  },
  {
    "名称": "盘门景区",
    "区域": "姑苏区",
    "景点类型": "姑苏古迹",
    "最适合人群": "朋友出游",
    "消费": "便宜",
    "是否地铁直达": "否",
    "门票价格": "40元",
    "电话号码": "0512-65260004",
    "地址": "江苏省苏州市姑苏区东大街49号",
    "评分": 4.6,
    "开放时间": "07:30-17:00",
    "特点": "攀登、坐船游览全国唯一的水陆城门盘门，走吴门桥，参观瑞光塔。"
  },
  {
    "名称": "沙家浜风景区",
    "区域": "常熟",
    "景点类型": "山水景区",
    "最适合人群": "家庭亲子",
    "消费": "偏贵",
    "是否地铁直达": "否",
    "门票价格": "110元",
    "电话号码": "0512-52500000",
    "地址": "苏州市常熟市沙家浜镇",
    "评分": 4.5,
    "开放时间": "08:00-16:30",
    "特点": "京剧样板戏《沙家浜》的发源地，访剧中场景，坐船深入芦苇荡。"
  },
  {
    "名称": "网师园",
    "区域": "姑苏区",
    "景点类型": "苏州园林",
    "最适合人群": "朋友出游",
    "消费": "中等",
    "是否地铁直达": "否",
    "门票价格": "40元",
    "电话号码": "0512-65293190",
    "地址": "苏州市姑苏区带城桥路阔家头巷11号",
    "评分": 4.6,
    "开放时间": "07:30-17:30",
    "特点": "以小巧精致著称的园林，了解布局的奥妙，夜游时欣赏曲艺表演。"
  },
  {
    "名称": "西山景区",
    "区域": "吴中区",
    "景点类型": "山水景区",
    "最适合人群": "家庭亲子",
    "消费": "便宜",
    "是否地铁直达": "否",
    "门票价格": "45元",
    "电话号码": "0512-66310058",
    "地址": "苏州市吴中区金庭镇林屋路158号",
    "评分": 4.4,
    "开放时间": "08:00-16:30",
    "特点": "西山是太湖中的第一大岛，岛上能看烟波飘渺的太湖湖景。"
  },
  {
    "名称": "穹窿山景区",
    "区域": "吴中区",
    "景点类型": "山水景区",
    "最适合人群": "朋友出游",
    "消费": "中等",
    "是否地铁直达": "否",
    "门票价格": "80元",
    "电话号码": "0512-66892763",
    "地址": "苏州市吴中区藏书镇中心西南一公里穹窿山景区",
    "评分": 4.5,
    "开放时间": "08:00-16:30",
    "特点": "登苏州最大的山，在成片森林里深呼吸，寻访孙武等古代名人足迹。"
  },
  {
    "名称": "沧浪亭",
    "区域": "姑苏区",
    "景点类型": "苏州园林",
    "最适合人群": "朋友出游",
    "消费": "便宜",
    "是否地铁直达": "否",
    "门票价格": "20元",
    "电话号码": "0512-67970005",
    "地址": "苏州市姑苏区人民路沧浪亭街3号",
    "评分": 4.5,
    "开放时间": "07:30-17:30",
    "特点": "苏州现存古老的园林，人少清静，复廊上的花窗非常精美。"
  },
  {
    "名称": "甪直古镇",
    "区域": "吴中区",
    "景点类型": "水乡古镇",
    "最适合人群": "朋友出游",
    "消费": "便宜",
    "是否地铁直达": "否",
    "门票价格": "免费",
    "电话号码": "0512-66191668",
    "地址": "苏州市吴中区甪直镇晓市路21号",
    "评分": 4.3,
    "开放时间": "07:30-17:30",
    "特点": "甪直古镇有2500多年历史，甪直境内水流纵横，桥梁密布，有五湖之厅、六泽之冲之称。"
  },
  {
    "名称": "千灯古镇",
    "区域": "昆山",
    "景点类型": "水乡古镇",
    "最适合人群": "朋友出游",
    "消费": "便宜",
    "是否地铁直达": "否",
    "门票价格": "免费",
    "电话号码": "0512-57472155",
    "地址": "苏州市昆山市千灯古镇尚书路1号",
    "评分": 4.3,
    "开放时间": "08:00-17:00",
    "特点": "千灯古镇，距今已有2500多年的历史，古镇白墙黑瓦，昆韵盎然。"
  },
  {
    "名称": "灵岩山景区",
    "区域": "吴中区",
    "景点类型": "山水景区",
    "最适合人群": "家庭亲子",
    "消费": "便宜",
    "是否地铁直达": "否",
    "门票价格": "免费",
    "电话号码": "0512-66261310",
    "地址": "苏州市吴中区木渎古镇山塘街市梢",
    "评分": 4.3,
    "开放时间": "06:00-17:30",
    "特点": "爬山好去处，登山顶俯看苏州城景，在灵岩山寺拜佛祈福。"
  },
  {
    "名称": "诚品书店",
    "区域": "工业园区",
    "景点类型": "商业中心",
    "最适合人群": "情侣约会",
    "消费": "偏贵",
    "是否地铁直达": "是",
    "门票价格": "免费",
    "电话号码": "0512-62986008",
    "地址": "苏州市吴中区工业园区月廊街8号2-3F",
    "评分": 4.7,
    "开放时间": "10:00-22:00",
    "特点": "诚品书店是集文具、餐饮娱乐于一体的综合大楼。"
  },
  {
    "名称": "苏州太湖国家湿地公园",
    "区域": "高新区",
    "景点类型": "山水景区",
    "最适合人群": "家庭亲子",
    "消费": "便宜",
    "是否地铁直达": "否",
    "门票价格": "60元",
    "电话号码": "0512-66918088",
    "地址": "苏州市高新区镇湖绣品街1号",
    "评分": 4.5,
    "开放时间": "09:00-16:30",
    "特点": "旅游、度假、玩乐、休闲、教育多合一的湿地公园，可谓是“人间天堂”。"
  },
  {
    "名称": "苏州大学",
    "区域": "姑苏区",
    "景点类型": "学校校园",
    "最适合人群": "朋友出游",
    "消费": "便宜",
    "是否地铁直达": "是",
    "门票价格": "免费",
    "电话号码": "0512-65113180",
    "地址": "苏州市姑苏区十梓街1号",
    "评分": 4.2,
    "开放时间": "全天",
    "特点": "苏州大学坐落于古城苏州，是国家211工程重点建设高校，其前身为创建于1900年光绪年间的东吴大学。"
  },
  {
    "名称": "西交利物浦大学",
    "区域": "工业园区",
    "景点类型": "学校校园",
    "最适合人群": "朋友出游",
    "消费": "便宜",
    "是否地铁直达": "是",
    "门票价格": "免费",
    "电话号码": "0512-88161071",
    "地址": "苏州市工业园区独墅湖高教区仁爱路111号",
    "评分": 4.7,
    "开放时间": "全天",
    "特点": "它是由西安交通大学和英国利物浦大学合作创立的大学。"
  },
  {
    "名称": "洞庭东山",
    "区域": "吴中区",
    "景点类型": "山水景区",
    "最适合人群": "家庭亲子",
    "消费": "中等",
    "是否地铁直达": "否",
    "门票价格": "60元",
    "电话号码": "0512-66399231",
    "地址": "苏州市吴中区莫厘路附近",
    "评分": 4.5,
    "开放时间": "全天",
    "特点": "环山路犹如玉带，可沿路欣赏太湖和精美的古建筑，品尝太湖三白。"
  },
  {
    "名称": "苏州中心",
    "区域": "工业园区",
    "景点类型": "商业中心",
    "最适合人群": "情侣约会",
    "消费": "偏贵",
    "是否地铁直达": "是",
    "门票价格": "免费",
    "电话号码": "0512-69888888",
    "地址": "苏州市工业园区星州街与星港街交叉口西150米",
    "评分": 4.8,
    "开放时间": "10:00-22:00",
    "特点": "苏州最大的购物中心，在金鸡湖边，边上就是东方之门。"
  },
  {
    "名称": "苏州乐园森林水世界",
    "区域": "高新区",
    "景点类型": "游乐场",
    "最适合人群": "情侣约会",
    "消费": "偏贵",
    "是否地铁直达": "否",
    "门票价格": "198元",
    "电话号码": "0512-68717107",
    "地址": "苏州市高新区阳山东路以西，山神湾路以东",
    "评分": 4.4,
    "开放时间": "09:00-17:00",
    "特点": "各项水上娱乐项目皆具森林特色，被赋予森林主题，让人身处浩瀚森林又能享受到海洋般的舒爽水游乐。"
  },
  {
    "名称": "华谊兄弟电影世界",
    "区域": "工业园区",
    "景点类型": "游乐场",
    "最适合人群": "情侣约会",
    "消费": "偏贵",
    "是否地铁直达": "是",
    "门票价格": "299元",
    "电话号码": "0512-67990518",
    "地址": "苏州市工业园区阳澄湖大道188号",
    "评分": 4.5,
    "开放时间": "09:30-17:30",
    "特点": "结合七部华谊兄弟原创电影，力邀国际国内知名电影美术师，突破传统设计手法，重现电影实景美学。"
  },
  {
    "名称": "苏州海洋馆",
    "区域": "吴中区",
    "景点类型": "游乐场",
    "最适合人群": "家庭亲子",
    "消费": "中等",
    "是否地铁直达": "否",
    "门票价格": "120元",
    "电话号码": "0512-69381000",
    "地址": "苏州市太湖国家旅游度假区环太湖大道28号",
    "评分": 3.5,
    "开放时间": "09:00-17:00",
    "特点": "欣赏千姿百态的海洋生物，观看丰富多彩的表演节目，感受缤纷海洋世界。"
  },
  {
    "名称": "锦溪古镇",
    "区域": "昆山",
    "景点类型": "水乡古镇",
    "最适合人群": "朋友出游",
    "消费": "中等",
    "是否地铁直达": "否",
    "门票价格": "65元",
    "电话号码": "0512-57224669",
    "地址": "苏州市昆山市锦溪镇邵甸港路18号",
    "评分": 4.4,
    "开放时间": "08:00-17:00",
    "特点": "锦溪古镇位于昆山南郊的淀山湖畔，是一座有千年历史的江南水乡。"
  },
  {
    "名称": "石路步行街",
    "区域": "姑苏区",
    "景点类型": "商业中心",
    "最适合人群": "情侣约会",
    "消费": "中等",
    "是否地铁直达": "是",
    "门票价格": "免费",
    "电话号码": "无",
    "地址": "苏州市金阊区石路步行街",
    "评分": 4.4,
    "开放时间": "全天",
    "特点": "石路是清末洋务派盛宣怀所辟，以石子铺成路面，因而得名“石路”。较有历史的名店很多。"
  },
  {
    "名称": "圆融时代广场",
    "区域": "工业园区",
    "景点类型": "商业中心",
    "最适合人群": "情侣约会",
    "消费": "偏贵",
    "是否地铁直达": "是",
    "门票价格": "免费",
    "电话号码": "0512-66966666",
    "地址": "苏州工业园区旺墩路268号",
    "评分": 4.5,
    "开放时间": "全天",
    "特点": "圆融时代广场是集购物、餐饮、休闲、娱乐、商务、文化、旅游等诸多功能于一体的大规模、综合性、现代化、高品质的商业综合体"
  },
  {
    "名称": "印象城",
    "区域": "工业园区",
    "景点类型": "商业中心",
    "最适合人群": "朋友出游",
    "消费": "中等",
    "是否地铁直达": "否",
    "门票价格": "免费",
    "电话号码": "0512-62802222",
    "地址": "江苏省苏州市工业园区现代大道1699号",
    "评分": 4.1,
    "开放时间": "10:00-22:00",
    "特点": "吃饭购物看电影都非常方便的地方，能叫得上名的品牌都集中了。"
  },
  {
    "名称": "石湖景区",
    "区域": "吴中区",
    "景点类型": "山水景区",
    "最适合人群": "朋友出游",
    "消费": "便宜",
    "是否地铁直达": "是",
    "门票价格": "免费",
    "电话号码": "0512-65646668",
    "地址": "苏州市吴中区友新路333号",
    "评分": 4.5,
    "开放时间": "全天",
    "特点": "赏石湖胜景，看山水相依、峰峦重叠，领略苏州的山水文化底蕴。"
  },
  {
    "名称": "东方之门",
    "区域": "工业园区",
    "景点类型": "商业中心",
    "最适合人群": "朋友出游",
    "消费": "中等",
    "是否地铁直达": "是",
    "门票价格": "免费",
    "电话号码": "0512-67886788",
    "地址": "苏州市工业园区苏雅路9号",
    "评分": 4.7,
    "开放时间": "全天",
    "特点": "俗称的“秋裤”——东方之门成为苏州网红打卡新地标，地处苏州工业园区CBD轴线的东端。"
  },
  {
    "名称": "独墅湖教堂",
    "区域": "工业园区",
    "景点类型": "姑苏古迹",
    "最适合人群": "情侣约会",
    "消费": "便宜",
    "是否地铁直达": "否",
    "门票价格": "免费",
    "电话号码": "0512-69566001",
    "地址": "苏州市翠薇路99号",
    "评分": 4.6,
    "开放时间": "全天",
    "特点": "独墅湖教堂因坐落于苏州工业园区风景秀美的独墅湖旁而得名，教堂主体采用哥特式建筑风格。"
  },
  {
    "名称": "白马涧生态园",
    "区域": "高新区",
    "景点类型": "山水景区",
    "最适合人群": "家庭亲子",
    "消费": "便宜",
    "是否地铁直达": "否",
    "门票价格": "50元",
    "电话号码": "0512-66658111",
    "地址": "苏州市高新区枫桥街道华山路",
    "评分": 4.5,
    "开放时间": "09:00-17:00",
    "特点": "这里曾是乾隆六下江南时走过的御道并有行宫遗址；曾是越王勾践九年卧薪尝胆为吴王养马的地方。"
  }
]