[
  {
    "名称": "POLO 自动全景乐享版",
    "车型": "两厢车",
    "级别": "小型",
    "座位数": 5,
    "车身尺寸(mm)": "4053*1740*1449",
    "厂商": "上汽大众",
    "能源类型": "汽油",
    "发动机排量(L)": "1.5",
    "发动机马力(Ps)": 113.0,
    "驱动方式": "两驱",
    "综合油耗(L/100km)": 5.5,
    "环保标准": "国VI",
    "驾驶辅助影像": "无",
    "巡航系统": "定速巡航",
    "价格(万元)": 10.99,
    "车系": "POLO",
    "动力水平": "一般",
    "油耗水平": "省油",
    "倒车影像": false,
    "定速巡航": true,
    "座椅加热": false,
    "座椅通风": false,
    "所属价格区间": " < 15"
  },
  {
    "名称": "桑塔纳 1.5L 自动舒适版",
    "车型": "三厢车",
    "级别": "中小型",
    "座位数": 5,
    "车身尺寸(mm)": "4475*1706*1469",
    "厂商": "上汽大众",
    "能源类型": "汽油",
    "发动机排量(L)": "1.5",
    "发动机马力(Ps)": 112.0,
    "驱动方式": "两驱",
    "综合油耗(L/100km)": 5.4,
    "环保标准": "国VI",
    "驾驶辅助影像": "无",
    "巡航系统": "定速巡航",
    "价格(万元)": 11.18,
    "车系": "桑塔纳",
    "动力水平": "一般",
    "油耗水平": "省油",
    "倒车影像": false,
    "定速巡航": true,
    "座椅加热": false,
    "座椅通风": false,
    "所属价格区间": " < 15"
  },
  {
    "名称": "途铠 1.5L 自动风尚版",
    "车型": "SUV",
    "级别": "小型",
    "座位数": 5,
    "车身尺寸(mm)": "4218*1760*1589",
    "厂商": "上汽大众",
    "能源类型": "汽油",
    "发动机排量(L)": "1.5",
    "发动机马力(Ps)": 113.0,
    "驱动方式": "两驱",
    "综合油耗(L/100km)": 5.8,
    "环保标准": "国VI",
    "驾驶辅助影像": "无",
    "巡航系统": "定速巡航",
    "价格(万元)": 12.79,
    "车系": "途铠",
    "动力水平": "一般",
    "油耗水平": "省油",
    "倒车影像": false,
    "定速巡航": true,
    "座椅加热": false,
    "座椅通风": false,
    "所属价格区间": " < 15"
  },
  {
    "名称": "宝来 1.5L 自动舒适型",
    "车型": "三厢车",
    "级别": "中小型",
    "座位数": 5,
    "车身尺寸(mm)": "4663*1815*1462",
    "厂商": "一汽大众",
    "能源类型": "汽油",
    "发动机排量(L)": "1.5",
    "发动机马力(Ps)": 113.0,
    "驱动方式": "两驱",
    "综合油耗(L/100km)": 5.7,
    "环保标准": "国VI",
    "驾驶辅助影像": "倒车影像",
    "巡航系统": "定速巡航",
    "价格(万元)": 13.5,
    "车系": "宝来",
    "动力水平": "一般",
    "油耗水平": "省油",
    "倒车影像": true,
    "定速巡航": true,
    "座椅加热": false,
    "座椅通风": false,
    "所属价格区间": " < 15"
  },
  {
    "名称": "C-TREK蔚领 1.5L 自动舒适型",
    "车型": "MPV",
    "级别": "中小型",
    "座位数": 5,
    "车身尺寸(mm)": "4559*1793*1487",
    "厂商": "一汽大众",
    "能源类型": "汽油",
    "发动机排量(L)": "1.5",
    "发动机马力(Ps)": 112.0,
    "驱动方式": "两驱",
    "综合油耗(L/100km)": 6.0,
    "环保标准": "国VI",
    "驾驶辅助影像": "倒车影像",
    "巡航系统": "定速巡航",
    "价格(万元)": 13.57,
    "车系": "C-TREK蔚领",
    "动力水平": "一般",
    "油耗水平": "一般",
    "倒车影像": true,
    "定速巡航": true,
    "座椅加热": false,
    "座椅通风": false,
    "所属价格区间": " < 15"
  },
  {
    "名称": "探影 自动 悦",
    "车型": "SUV",
    "级别": "小型",
    "座位数": 5,
    "车身尺寸(mm)": "4194*1760*1601",
    "厂商": "一汽大众",
    "能源类型": "汽油",
    "发动机排量(L)": "1.5",
    "发动机马力(Ps)": 113.0,
    "驱动方式": "两驱",
    "综合油耗(L/100km)": 5.9,
    "环保标准": "国VI",
    "驾驶辅助影像": "倒车影像",
    "巡航系统": "定速巡航",
    "价格(万元)": 13.99,
    "车系": "探影",
    "动力水平": "一般",
    "油耗水平": "省油",
    "倒车影像": true,
    "定速巡航": true,
    "座椅加热": false,
    "座椅通风": false,
    "所属价格区间": " < 15"
  },
  {
    "名称": "朗逸 280TSI DSG舒适版",
    "车型": "三厢车",
    "级别": "中小型",
    "座位数": 5,
    "车身尺寸(mm)": "4670*1806*1474",
    "厂商": "上汽大众",
    "能源类型": "汽油",
    "发动机排量(L)": "1.4T",
    "发动机马力(Ps)": 150.0,
    "驱动方式": "两驱",
    "综合油耗(L/100km)": 5.4,
    "环保标准": "国VI",
    "驾驶辅助影像": "无",
    "巡航系统": "无",
    "价格(万元)": 14.69,
    "车系": "朗逸",
    "动力水平": "一般",
    "油耗水平": "省油",
    "倒车影像": false,
    "定速巡航": false,
    "座椅加热": false,
    "座椅通风": false,
    "所属价格区间": " < 15"
  },
  {
    "名称": "高尔夫 200TSI DSG舒适型",
    "车型": "两厢车",
    "级别": "中小型",
    "座位数": 5,
    "车身尺寸(mm)": "4259*1799*1476",
    "厂商": "一汽大众",
    "能源类型": "汽油",
    "发动机排量(L)": "1.2T",
    "发动机马力(Ps)": 116.0,
    "驱动方式": "两驱",
    "综合油耗(L/100km)": 5.6,
    "环保标准": "国VI",
    "驾驶辅助影像": "无",
    "巡航系统": "定速巡航",
    "价格(万元)": 14.72,
    "车系": "高尔夫",
    "动力水平": "一般",
    "油耗水平": "省油",
    "倒车影像": false,
    "定速巡航": true,
    "座椅加热": false,
    "座椅通风": false,
    "所属价格区间": " < 15"
  },
  {
    "名称": "途铠 280TSI DSG舒适版",
    "车型": "SUV",
    "级别": "小型",
    "座位数": 5,
    "车身尺寸(mm)": "4218*1760*1589",
    "厂商": "上汽大众",
    "能源类型": "汽油",
    "发动机排量(L)": "1.4T",
    "发动机马力(Ps)": 150.0,
    "驱动方式": "两驱",
    "综合油耗(L/100km)": 5.7,
    "环保标准": "国VI",
    "驾驶辅助影像": "无",
    "巡航系统": "定速巡航",
    "价格(万元)": 14.79,
    "车系": "途铠",
    "动力水平": "较强",
    "油耗水平": "省油",
    "倒车影像": false,
    "定速巡航": true,
    "座椅加热": false,
    "座椅通风": false,
    "所属价格区间": " < 15"
  },
  {
    "名称": "宝来 280TSI DSG精英型",
    "车型": "三厢车",
    "级别": "中小型",
    "座位数": 5,
    "车身尺寸(mm)": "4663*1815*1462",
    "厂商": "一汽大众",
    "能源类型": "汽油",
    "发动机排量(L)": "1.4T",
    "发动机马力(Ps)": 150.0,
    "驱动方式": "两驱",
    "综合油耗(L/100km)": 5.6,
    "环保标准": "国VI",
    "驾驶辅助影像": "无",
    "巡航系统": "定速巡航",
    "价格(万元)": 14.9,
    "车系": "宝来",
    "动力水平": "较强",
    "油耗水平": "省油",
    "倒车影像": false,
    "定速巡航": true,
    "座椅加热": false,
    "座椅通风": false,
    "所属价格区间": " < 15"
  },
  {
    "名称": "速腾 200TSI DSG舒适型",
    "车型": "三厢车",
    "级别": "中小型",
    "座位数": 5,
    "车身尺寸(mm)": "4753*1800*1462",
    "厂商": "一汽大众",
    "能源类型": "汽油",
    "发动机排量(L)": "1.2T",
    "发动机马力(Ps)": 116.0,
    "驱动方式": "两驱",
    "综合油耗(L/100km)": 5.5,
    "环保标准": "国VI",
    "驾驶辅助影像": "无",
    "巡航系统": "定速巡航",
    "价格(万元)": 14.99,
    "车系": "速腾",
    "动力水平": "一般",
    "油耗水平": "省油",
    "倒车影像": false,
    "定速巡航": true,
    "座椅加热": false,
    "座椅通风": false,
    "所属价格区间": " < 15"
  },
  {
    "名称": "探影 280TSI DSG R-Line",
    "车型": "SUV",
    "级别": "小型",
    "座位数": 5,
    "车身尺寸(mm)": "4194*1760*1601",
    "厂商": "一汽大众",
    "能源类型": "汽油",
    "发动机排量(L)": "1.4T",
    "发动机马力(Ps)": 150.0,
    "驱动方式": "两驱",
    "综合油耗(L/100km)": 5.8,
    "环保标准": "国VI",
    "驾驶辅助影像": "倒车影像",
    "巡航系统": "定速巡航",
    "价格(万元)": 15.09,
    "车系": "探影",
    "动力水平": "较强",
    "油耗水平": "省油",
    "倒车影像": true,
    "定速巡航": true,
    "座椅加热": false,
    "座椅通风": false,
    "所属价格区间": "15 ~ 20"
  },
  {
    "名称": "T-ROC探歌 230TSI DSG两驱进取型",
    "车型": "SUV",
    "级别": "中小型",
    "座位数": 5,
    "车身尺寸(mm)": "4318*1819*1582",
    "厂商": "一汽大众",
    "能源类型": "汽油",
    "发动机排量(L)": "1.4T",
    "发动机马力(Ps)": 131.0,
    "驱动方式": "两驱",
    "综合油耗(L/100km)": 5.8,
    "环保标准": "国VI",
    "驾驶辅助影像": "无",
    "巡航系统": "定速巡航",
    "价格(万元)": 15.58,
    "车系": "T-ROC探歌",
    "动力水平": "一般",
    "油耗水平": "省油",
    "倒车影像": false,
    "定速巡航": true,
    "座椅加热": false,
    "座椅通风": false,
    "所属价格区间": "15 ~ 20"
  },
  {
    "名称": "凌渡 230TSI DSG风尚版",
    "车型": "三厢车",
    "级别": "中小型",
    "座位数": 5,
    "车身尺寸(mm)": "4615*1826*1425",
    "厂商": "上汽大众",
    "能源类型": "汽油",
    "发动机排量(L)": "1.4T",
    "发动机马力(Ps)": 131.0,
    "驱动方式": "两驱",
    "综合油耗(L/100km)": 5.4,
    "环保标准": "国VI",
    "驾驶辅助影像": "无",
    "巡航系统": "无",
    "价格(万元)": 15.59,
    "车系": "凌渡",
    "动力水平": "一般",
    "油耗水平": "省油",
    "倒车影像": false,
    "定速巡航": false,
    "座椅加热": false,
    "座椅通风": false,
    "所属价格区间": "15 ~ 20"
  },
  {
    "名称": "高尔夫 280TSI DSG豪华型",
    "车型": "两厢车",
    "级别": "中小型",
    "座位数": 5,
    "车身尺寸(mm)": "4259*1799*1476",
    "厂商": "一汽大众",
    "能源类型": "汽油",
    "发动机排量(L)": "1.4T",
    "发动机马力(Ps)": 150.0,
    "驱动方式": "两驱",
    "综合油耗(L/100km)": 5.8,
    "环保标准": "国VI",
    "驾驶辅助影像": "无",
    "巡航系统": "定速巡航",
    "价格(万元)": 16.52,
    "车系": "高尔夫",
    "动力水平": "较强",
    "油耗水平": "省油",
    "倒车影像": false,
    "定速巡航": true,
    "座椅加热": true,
    "座椅通风": false,
    "所属价格区间": "15 ~ 20"
  },
  {
    "名称": "速腾 280TSI DSG豪华型",
    "车型": "三厢车",
    "级别": "中小型",
    "座位数": 5,
    "车身尺寸(mm)": "4753*1800*1462",
    "厂商": "一汽大众",
    "能源类型": "汽油",
    "发动机排量(L)": "1.4T",
    "发动机马力(Ps)": 150.0,
    "驱动方式": "两驱",
    "综合油耗(L/100km)": 5.7,
    "环保标准": "国VI",
    "驾驶辅助影像": "倒车影像",
    "巡航系统": "定速巡航",
    "价格(万元)": 17.59,
    "车系": "速腾",
    "动力水平": "较强",
    "油耗水平": "省油",
    "倒车影像": true,
    "定速巡航": true,
    "座椅加热": true,
    "座椅通风": false,
    "所属价格区间": "15 ~ 20"
  },
  {
    "名称": "途安L 280TSI 拓界版",
    "车型": "MPV",
    "级别": "中小型",
    "座位数": 7,
    "车身尺寸(mm)": "4537*1834*1682",
    "厂商": "上汽大众",
    "能源类型": "汽油",
    "发动机排量(L)": "1.4T",
    "发动机马力(Ps)": 150.0,
    "驱动方式": "两驱",
    "综合油耗(L/100km)": 6.1,
    "环保标准": "国VI",
    "驾驶辅助影像": "倒车影像",
    "巡航系统": "定速巡航",
    "价格(万元)": 17.78,
    "车系": "途安L",
    "动力水平": "较强",
    "油耗水平": "一般",
    "倒车影像": true,
    "定速巡航": true,
    "座椅加热": false,
    "座椅通风": false,
    "所属价格区间": "15 ~ 20"
  },
  {
    "名称": "甲壳虫 180TSI 宜乐型",
    "车型": "两厢车",
    "级别": "中小型",
    "座位数": 4,
    "车身尺寸(mm)": "4278*1808*1486",
    "厂商": "进口大众",
    "能源类型": "汽油",
    "发动机排量(L)": "1.2T",
    "发动机马力(Ps)": 105.0,
    "驱动方式": "两驱",
    "综合油耗(L/100km)": 5.6,
    "环保标准": "欧VI",
    "驾驶辅助影像": "无",
    "巡航系统": "定速巡航",
    "价格(万元)": 17.88,
    "车系": "甲壳虫",
    "动力水平": "一般",
    "油耗水平": "省油",
    "倒车影像": false,
    "定速巡航": true,
    "座椅加热": false,
    "座椅通风": false,
    "所属价格区间": "15 ~ 20"
  },
  {
    "名称": "凌渡 280TSI DSG舒适版",
    "车型": "三厢车",
    "级别": "中小型",
    "座位数": 5,
    "车身尺寸(mm)": "4615*1826*1425",
    "厂商": "上汽大众",
    "能源类型": "汽油",
    "发动机排量(L)": "1.4T",
    "发动机马力(Ps)": 150.0,
    "驱动方式": "两驱",
    "综合油耗(L/100km)": 5.5,
    "环保标准": "国VI",
    "驾驶辅助影像": "倒车影像",
    "巡航系统": "定速巡航",
    "价格(万元)": 18.09,
    "车系": "凌渡",
    "动力水平": "较强",
    "油耗水平": "省油",
    "倒车影像": true,
    "定速巡航": true,
    "座椅加热": false,
    "座椅通风": false,
    "所属价格区间": "15 ~ 20"
  },
  {
    "名称": "途岳 280TSI 两驱舒适版",
    "车型": "SUV",
    "级别": "中小型",
    "座位数": 5,
    "车身尺寸(mm)": "4453*1841*1632",
    "厂商": "上汽大众",
    "能源类型": "汽油",
    "发动机排量(L)": "1.4T",
    "发动机马力(Ps)": 150.0,
    "驱动方式": "两驱",
    "综合油耗(L/100km)": 6.0,
    "环保标准": "国VI",
    "驾驶辅助影像": "倒车影像",
    "巡航系统": "定速巡航",
    "价格(万元)": 18.28,
    "车系": "途岳",
    "动力水平": "一般",
    "油耗水平": "一般",
    "倒车影像": true,
    "定速巡航": true,
    "座椅加热": true,
    "座椅通风": false,
    "所属价格区间": "15 ~ 20"
  },
  {
    "名称": "帕萨特 280TSI 商务版",
    "车型": "三厢车",
    "级别": "中型",
    "座位数": 5,
    "车身尺寸(mm)": "4933*1836*1469",
    "厂商": "上汽大众",
    "能源类型": "汽油",
    "发动机排量(L)": "1.4T",
    "发动机马力(Ps)": 150.0,
    "驱动方式": "两驱",
    "综合油耗(L/100km)": 5.7,
    "环保标准": "国VI",
    "驾驶辅助影像": "无",
    "巡航系统": "无",
    "价格(万元)": 18.49,
    "车系": "帕萨特",
    "动力水平": "一般",
    "油耗水平": "省油",
    "倒车影像": false,
    "定速巡航": false,
    "座椅加热": false,
    "座椅通风": false,
    "所属价格区间": "15 ~ 20"
  },
  {
    "名称": "迈腾 280TSI DSG 舒适型",
    "车型": "三厢车",
    "级别": "中型",
    "座位数": 5,
    "车身尺寸(mm)": "4865*1832*1471",
    "厂商": "一汽大众",
    "能源类型": "汽油",
    "发动机排量(L)": "1.4T",
    "发动机马力(Ps)": 150.0,
    "驱动方式": "两驱",
    "综合油耗(L/100km)": 5.8,
    "环保标准": "国VI",
    "驾驶辅助影像": "倒车影像",
    "巡航系统": "无",
    "价格(万元)": 18.69,
    "车系": "迈腾",
    "动力水平": "一般",
    "油耗水平": "省油",
    "倒车影像": true,
    "定速巡航": false,
    "座椅加热": false,
    "座椅通风": false,
    "所属价格区间": "15 ~ 20"
  },
  {
    "名称": "探岳 330TSI 两驱舒适型",
    "车型": "SUV",
    "级别": "中型",
    "座位数": 5,
    "车身尺寸(mm)": "4589*1860*1660",
    "厂商": "一汽大众",
    "能源类型": "汽油",
    "发动机排量(L)": "2.0T",
    "发动机马力(Ps)": 186.0,
    "驱动方式": "两驱",
    "综合油耗(L/100km)": 6.7,
    "环保标准": "国VI",
    "驾驶辅助影像": "无",
    "巡航系统": "定速巡航",
    "价格(万元)": 20.19,
    "车系": "探岳",
    "动力水平": "一般",
    "油耗水平": "一般",
    "倒车影像": false,
    "定速巡航": true,
    "座椅加热": false,
    "座椅通风": false,
    "所属价格区间": "20 ~ 30"
  },
  {
    "名称": "T-ROC探歌 280TSI DSG四驱豪华型",
    "车型": "SUV",
    "级别": "中小型",
    "座位数": 5,
    "车身尺寸(mm)": "4318*1819*1582",
    "厂商": "一汽大众",
    "能源类型": "汽油",
    "发动机排量(L)": "1.4T",
    "发动机马力(Ps)": 150.0,
    "驱动方式": "四驱",
    "综合油耗(L/100km)": 7.0,
    "环保标准": "国VI",
    "驾驶辅助影像": "倒车影像",
    "巡航系统": "定速巡航",
    "价格(万元)": 20.38,
    "车系": "T-ROC探歌",
    "动力水平": "较强",
    "油耗水平": "一般",
    "倒车影像": true,
    "定速巡航": true,
    "座椅加热": false,
    "座椅通风": false,
    "所属价格区间": "20 ~ 30"
  },
  {
    "名称": "途岳 330TSI 四驱豪华版",
    "车型": "SUV",
    "级别": "中小型",
    "座位数": 5,
    "车身尺寸(mm)": "4453*1841*1632",
    "厂商": "上汽大众",
    "能源类型": "汽油",
    "发动机排量(L)": "2.0T",
    "发动机马力(Ps)": 186.0,
    "驱动方式": "四驱",
    "综合油耗(L/100km)": 7.0,
    "环保标准": "国VI",
    "驾驶辅助影像": "倒车影像",
    "巡航系统": "定速巡航",
    "价格(万元)": 20.88,
    "车系": "途岳",
    "动力水平": "较强",
    "油耗水平": "一般",
    "倒车影像": true,
    "定速巡航": true,
    "座椅加热": true,
    "座椅通风": false,
    "所属价格区间": "20 ~ 30"
  },
  {
    "名称": "高尔夫 1.8TSI 旅行版",
    "车型": "MPV",
    "级别": "中小型",
    "座位数": 5,
    "车身尺寸(mm)": "4578*1799*1515",
    "厂商": "进口大众",
    "能源类型": "汽油",
    "发动机排量(L)": "1.8T",
    "发动机马力(Ps)": 180.0,
    "驱动方式": "两驱",
    "综合油耗(L/100km)": 6.8,
    "环保标准": "国V",
    "驾驶辅助影像": "倒车影像",
    "巡航系统": "定速巡航",
    "价格(万元)": 20.98,
    "车系": "高尔夫",
    "动力水平": "较强",
    "油耗水平": "一般",
    "倒车影像": true,
    "定速巡航": true,
    "座椅加热": false,
    "座椅通风": false,
    "所属价格区间": "20 ~ 30"
  },
  {
    "名称": "甲壳虫 280TSI 纵乐型",
    "车型": "两厢车",
    "级别": "中小型",
    "座位数": 4,
    "车身尺寸(mm)": "4278*1808*1486",
    "厂商": "进口大众",
    "能源类型": "汽油",
    "发动机排量(L)": "1.4T",
    "发动机马力(Ps)": 150.0,
    "驱动方式": "两驱",
    "综合油耗(L/100km)": 5.7,
    "环保标准": "欧VI",
    "驾驶辅助影像": "倒车影像",
    "巡航系统": "定速巡航",
    "价格(万元)": 22.18,
    "车系": "甲壳虫",
    "动力水平": "较强",
    "油耗水平": "省油",
    "倒车影像": true,
    "定速巡航": true,
    "座椅加热": true,
    "座椅通风": false,
    "所属价格区间": "20 ~ 30"
  },
  {
    "名称": "途观L 280TSI 自动两驱全景舒适版",
    "车型": "SUV",
    "级别": "中型",
    "座位数": 5,
    "车身尺寸(mm)": "4712*1839*1673",
    "厂商": "上汽大众",
    "能源类型": "汽油",
    "发动机排量(L)": "1.4T",
    "发动机马力(Ps)": 150.0,
    "驱动方式": "两驱",
    "综合油耗(L/100km)": 6.8,
    "环保标准": "国VI",
    "驾驶辅助影像": "倒车影像",
    "巡航系统": "定速巡航",
    "价格(万元)": 22.18,
    "车系": "途观L",
    "动力水平": "一般",
    "油耗水平": "一般",
    "倒车影像": true,
    "定速巡航": true,
    "座椅加热": false,
    "座椅通风": false,
    "所属价格区间": "20 ~ 30"
  },
  {
    "名称": "迈腾 330TSI DSG 豪华型",
    "车型": "三厢车",
    "级别": "中型",
    "座位数": 5,
    "车身尺寸(mm)": "4865*1832*1471",
    "厂商": "一汽大众",
    "能源类型": "汽油",
    "发动机排量(L)": "2.0T",
    "发动机马力(Ps)": 186.0,
    "驱动方式": "两驱",
    "综合油耗(L/100km)": 6.3,
    "环保标准": "国VI",
    "驾驶辅助影像": "倒车影像",
    "巡航系统": "定速巡航",
    "价格(万元)": 23.39,
    "车系": "迈腾",
    "动力水平": "较强",
    "油耗水平": "一般",
    "倒车影像": true,
    "定速巡航": true,
    "座椅加热": true,
    "座椅通风": false,
    "所属价格区间": "20 ~ 30"
  },
  {
    "名称": "帕萨特 330TSI 豪华版",
    "车型": "三厢车",
    "级别": "中型",
    "座位数": 5,
    "车身尺寸(mm)": "4933*1836*1469",
    "厂商": "上汽大众",
    "能源类型": "汽油",
    "发动机排量(L)": "2.0T",
    "发动机马力(Ps)": 186.0,
    "驱动方式": "两驱",
    "综合油耗(L/100km)": 6.3,
    "环保标准": "国VI",
    "驾驶辅助影像": "倒车影像",
    "巡航系统": "自适应巡航",
    "价格(万元)": 23.79,
    "车系": "帕萨特",
    "动力水平": "较强",
    "油耗水平": "一般",
    "倒车影像": true,
    "定速巡航": true,
    "座椅加热": true,
    "座椅通风": true,
    "所属价格区间": "20 ~ 30"
  },
  {
    "名称": "蔚揽 280TSI 两驱舒行版",
    "车型": "MPV",
    "级别": "中型",
    "座位数": 5,
    "车身尺寸(mm)": "4767*1832*1501",
    "厂商": "进口大众",
    "能源类型": "汽油",
    "发动机排量(L)": "1.4T",
    "发动机马力(Ps)": 150.0,
    "驱动方式": "两驱",
    "综合油耗(L/100km)": 5.5,
    "环保标准": "欧VI",
    "驾驶辅助影像": "无",
    "巡航系统": "无",
    "价格(万元)": 24.38,
    "车系": "蔚揽",
    "动力水平": "一般",
    "油耗水平": "省油",
    "倒车影像": false,
    "定速巡航": false,
    "座椅加热": false,
    "座椅通风": false,
    "所属价格区间": "20 ~ 30"
  },
  {
    "名称": "帕萨特 430PHEV 混动精英版",
    "车型": "三厢车",
    "级别": "中型",
    "座位数": 5,
    "车身尺寸(mm)": "4948*1836*1469",
    "厂商": "上汽大众",
    "能源类型": "插电式混合动力",
    "发动机排量(L)": "1.4T",
    "发动机马力(Ps)": 150.0,
    "驱动方式": "两驱",
    "综合油耗(L/100km)": 1.6,
    "环保标准": "国VI",
    "驾驶辅助影像": "倒车影像",
    "巡航系统": "定速巡航",
    "价格(万元)": 24.39,
    "车系": "帕萨特",
    "动力水平": "较强",
    "油耗水平": "省油",
    "倒车影像": true,
    "定速巡航": true,
    "座椅加热": true,
    "座椅通风": false,
    "所属价格区间": "20 ~ 30"
  },
  {
    "名称": "途观L 330TSI 自动两驱智动豪华版",
    "车型": "SUV",
    "级别": "中型",
    "座位数": 5,
    "车身尺寸(mm)": "4712*1839*1673",
    "厂商": "上汽大众",
    "能源类型": "汽油",
    "发动机排量(L)": "2.0T",
    "发动机马力(Ps)": 186.0,
    "驱动方式": "两驱",
    "综合油耗(L/100km)": 6.6,
    "环保标准": "国VI",
    "驾驶辅助影像": "倒车影像",
    "巡航系统": "定速巡航",
    "价格(万元)": 25.38,
    "车系": "途观L",
    "动力水平": "较强",
    "油耗水平": "一般",
    "倒车影像": true,
    "定速巡航": true,
    "座椅加热": true,
    "座椅通风": false,
    "所属价格区间": "20 ~ 30"
  },
  {
    "名称": "大众CC 330TSI 魅颜版",
    "车型": "三厢车",
    "级别": "中型",
    "座位数": 5,
    "车身尺寸(mm)": "4864*1870*1447",
    "厂商": "一汽大众",
    "能源类型": "汽油",
    "发动机排量(L)": "2.0T",
    "发动机马力(Ps)": 186.0,
    "驱动方式": "两驱",
    "综合油耗(L/100km)": 6.4,
    "环保标准": "国VI",
    "驾驶辅助影像": "倒车影像",
    "巡航系统": "定速巡航",
    "价格(万元)": 26.28,
    "车系": "大众CC",
    "动力水平": "一般",
    "油耗水平": "一般",
    "倒车影像": true,
    "定速巡航": true,
    "座椅加热": true,
    "座椅通风": false,
    "所属价格区间": "20 ~ 30"
  },
  {
    "名称": "迈腾 GTE 尊贵型",
    "车型": "三厢车",
    "级别": "中型",
    "座位数": 5,
    "车身尺寸(mm)": "4865*1832*1469",
    "厂商": "一汽大众",
    "能源类型": "插电式混合动力",
    "发动机排量(L)": "1.4T",
    "发动机马力(Ps)": 150.0,
    "驱动方式": "两驱",
    "综合油耗(L/100km)": 1.8,
    "环保标准": "国VI",
    "驾驶辅助影像": "360度全景影像",
    "巡航系统": "自适应巡航",
    "价格(万元)": 26.89,
    "车系": "迈腾",
    "动力水平": "较强",
    "油耗水平": "省油",
    "倒车影像": true,
    "定速巡航": true,
    "座椅加热": true,
    "座椅通风": false,
    "所属价格区间": "20 ~ 30"
  },
  {
    "名称": "迈腾 380TSI DSG 尊贵型",
    "车型": "三厢车",
    "级别": "中型",
    "座位数": 5,
    "车身尺寸(mm)": "4865*1832*1471",
    "厂商": "一汽大众",
    "能源类型": "汽油",
    "发动机排量(L)": "2.0T",
    "发动机马力(Ps)": 220.0,
    "驱动方式": "两驱",
    "综合油耗(L/100km)": 6.6,
    "环保标准": "国VI",
    "驾驶辅助影像": "360度全景影像",
    "巡航系统": "自适应巡航",
    "价格(万元)": 26.99,
    "车系": "迈腾",
    "动力水平": "较强",
    "油耗水平": "一般",
    "倒车影像": true,
    "定速巡航": true,
    "座椅加热": true,
    "座椅通风": false,
    "所属价格区间": "20 ~ 30"
  },
  {
    "名称": "夏朗 380TSI 舒享型",
    "车型": "MPV",
    "级别": "中大型",
    "座位数": 7,
    "车身尺寸(mm)": "4854*1904*1740",
    "厂商": "进口大众",
    "能源类型": "汽油",
    "发动机排量(L)": "2.0T",
    "发动机马力(Ps)": 220.0,
    "驱动方式": "两驱",
    "综合油耗(L/100km)": 7.9,
    "环保标准": "国V",
    "驾驶辅助影像": "倒车影像",
    "巡航系统": "定速巡航",
    "价格(万元)": 27.48,
    "车系": "夏朗",
    "动力水平": "一般",
    "油耗水平": "一般",
    "倒车影像": true,
    "定速巡航": true,
    "座椅加热": true,
    "座椅通风": false,
    "所属价格区间": "20 ~ 30"
  },
  {
    "名称": "探岳 380TSI 四驱尊贵型",
    "车型": "SUV",
    "级别": "中型",
    "座位数": 5,
    "车身尺寸(mm)": "4589*1860*1660",
    "厂商": "一汽大众",
    "能源类型": "汽油",
    "发动机排量(L)": "2.0T",
    "发动机马力(Ps)": 220.0,
    "驱动方式": "四驱",
    "综合油耗(L/100km)": 8.0,
    "环保标准": "国VI",
    "驾驶辅助影像": "倒车影像",
    "巡航系统": "定速巡航",
    "价格(万元)": 28.49,
    "车系": "探岳",
    "动力水平": "较强",
    "油耗水平": "一般",
    "倒车影像": true,
    "定速巡航": true,
    "座椅加热": true,
    "座椅通风": false,
    "所属价格区间": "20 ~ 30"
  },
  {
    "名称": "途昂 330TSI 两驱舒适版",
    "车型": "SUV",
    "级别": "中大型",
    "座位数": 7,
    "车身尺寸(mm)": "5039*1989*1773",
    "厂商": "上汽大众",
    "能源类型": "汽油",
    "发动机排量(L)": "2.0T",
    "发动机马力(Ps)": 186.0,
    "驱动方式": "两驱",
    "综合油耗(L/100km)": 7.5,
    "环保标准": "国VI",
    "驾驶辅助影像": "倒车影像",
    "巡航系统": "定速巡航",
    "价格(万元)": 30.09,
    "车系": "途昂",
    "动力水平": "一般",
    "油耗水平": "一般",
    "倒车影像": true,
    "定速巡航": true,
    "座椅加热": false,
    "座椅通风": false,
    "所属价格区间": " > 30"
  },
  {
    "名称": "蔚揽 GTE",
    "车型": "MPV",
    "级别": "中型",
    "座位数": 5,
    "车身尺寸(mm)": "4767*1832*1501",
    "厂商": "进口大众",
    "能源类型": "插电式混合动力",
    "发动机排量(L)": "1.4T",
    "发动机马力(Ps)": 156.0,
    "驱动方式": "两驱",
    "综合油耗(L/100km)": 1.8,
    "环保标准": "国V",
    "驾驶辅助影像": "倒车影像",
    "巡航系统": "定速巡航",
    "价格(万元)": 30.18,
    "车系": "蔚揽",
    "动力水平": "较强",
    "油耗水平": "省油",
    "倒车影像": true,
    "定速巡航": true,
    "座椅加热": true,
    "座椅通风": false,
    "所属价格区间": " > 30"
  },
  {
    "名称": "大众CC 380TSI 曜颜版",
    "车型": "三厢车",
    "级别": "中型",
    "座位数": 5,
    "车身尺寸(mm)": "4864*1870*1447",
    "厂商": "一汽大众",
    "能源类型": "汽油",
    "发动机排量(L)": "2.0T",
    "发动机马力(Ps)": 220.0,
    "驱动方式": "两驱",
    "综合油耗(L/100km)": 7.0,
    "环保标准": "国VI",
    "驾驶辅助影像": "倒车影像",
    "巡航系统": "自适应巡航",
    "价格(万元)": 30.18,
    "车系": "大众CC",
    "动力水平": "较强",
    "油耗水平": "一般",
    "倒车影像": true,
    "定速巡航": true,
    "座椅加热": true,
    "座椅通风": false,
    "所属价格区间": " > 30"
  },
  {
    "名称": "途观L 380TSI 自动四驱R-Line旗舰版",
    "车型": "SUV",
    "级别": "中型",
    "座位数": 7,
    "车身尺寸(mm)": "4712*1839*1673",
    "厂商": "上汽大众",
    "能源类型": "汽油",
    "发动机排量(L)": "2.0T",
    "发动机马力(Ps)": 220.0,
    "驱动方式": "四驱",
    "综合油耗(L/100km)": 8.2,
    "环保标准": "国VI",
    "驾驶辅助影像": "360度全景影像",
    "巡航系统": "自适应巡航",
    "价格(万元)": 31.18,
    "车系": "途观L",
    "动力水平": "较强",
    "油耗水平": "一般",
    "倒车影像": true,
    "定速巡航": true,
    "座椅加热": true,
    "座椅通风": true,
    "所属价格区间": " > 30"
  },
  {
    "名称": "途观L 430PHEV 混动豪华版",
    "车型": "SUV",
    "级别": "中型",
    "座位数": 5,
    "车身尺寸(mm)": "4720*1839*1673",
    "厂商": "上汽大众",
    "能源类型": "插电式混合动力",
    "发动机排量(L)": "1.4T",
    "发动机马力(Ps)": 150.0,
    "驱动方式": "两驱",
    "综合油耗(L/100km)": 1.9,
    "环保标准": "国V",
    "驾驶辅助影像": "倒车影像",
    "巡航系统": "定速巡航",
    "价格(万元)": 31.58,
    "车系": "途观L",
    "动力水平": "较强",
    "油耗水平": "省油",
    "倒车影像": true,
    "定速巡航": true,
    "座椅加热": true,
    "座椅通风": false,
    "所属价格区间": " > 30"
  },
  {
    "名称": "途昂X 380TSI 四驱豪华版",
    "车型": "SUV",
    "级别": "中大型",
    "座位数": 5,
    "车身尺寸(mm)": "4905*1989*1719",
    "厂商": "上汽大众",
    "能源类型": "汽油",
    "发动机排量(L)": "2.0T",
    "发动机马力(Ps)": 220.0,
    "驱动方式": "四驱",
    "综合油耗(L/100km)": 8.6,
    "环保标准": "国VI",
    "驾驶辅助影像": "倒车影像",
    "巡航系统": "定速巡航",
    "价格(万元)": 33.69,
    "车系": "途昂X",
    "动力水平": "较强",
    "油耗水平": "一般",
    "倒车影像": true,
    "定速巡航": true,
    "座椅加热": false,
    "座椅通风": false,
    "所属价格区间": " > 30"
  },
  {
    "名称": "途昂 380TSI 四驱豪华版",
    "车型": "SUV",
    "级别": "中大型",
    "座位数": 7,
    "车身尺寸(mm)": "5039*1989*1773",
    "厂商": "上汽大众",
    "能源类型": "汽油",
    "发动机排量(L)": "2.0T",
    "发动机马力(Ps)": 220.0,
    "驱动方式": "四驱",
    "综合油耗(L/100km)": 8.7,
    "环保标准": "国VI",
    "驾驶辅助影像": "倒车影像",
    "巡航系统": "定速巡航",
    "价格(万元)": 35.99,
    "车系": "途昂",
    "动力水平": "较强",
    "油耗水平": "一般",
    "倒车影像": true,
    "定速巡航": true,
    "座椅加热": true,
    "座椅通风": false,
    "所属价格区间": " > 30"
  },
  {
    "名称": "凯路威 2.0TSI 四驱舒适版",
    "车型": "MPV",
    "级别": "中大型",
    "座位数": 7,
    "车身尺寸(mm)": "5304*1904*1990",
    "厂商": "进口大众",
    "能源类型": "汽油",
    "发动机排量(L)": "2.0T",
    "发动机马力(Ps)": 204.0,
    "驱动方式": "四驱",
    "综合油耗(L/100km)": 10.1,
    "环保标准": "国V",
    "驾驶辅助影像": "倒车影像",
    "巡航系统": "定速巡航",
    "价格(万元)": 38.2,
    "车系": "凯路威",
    "动力水平": "一般",
    "油耗水平": "一般",
    "倒车影像": true,
    "定速巡航": true,
    "座椅加热": false,
    "座椅通风": false,
    "所属价格区间": " > 30"
  },
  {
    "名称": "蔚揽 380TSI 四驱纵行版",
    "车型": "MPV",
    "级别": "中型",
    "座位数": 5,
    "车身尺寸(mm)": "4767*1832*1501",
    "厂商": "进口大众",
    "能源类型": "汽油",
    "发动机排量(L)": "2.0T",
    "发动机马力(Ps)": 220.0,
    "驱动方式": "四驱",
    "综合油耗(L/100km)": 7.5,
    "环保标准": "欧VI",
    "驾驶辅助影像": "倒车影像",
    "巡航系统": "自适应巡航",
    "价格(万元)": 39.28,
    "车系": "蔚揽",
    "动力水平": "较强",
    "油耗水平": "一般",
    "倒车影像": true,
    "定速巡航": true,
    "座椅加热": true,
    "座椅通风": false,
    "所属价格区间": " > 30"
  },
  {
    "名称": "辉昂 380TSI 两驱豪华版",
    "车型": "三厢车",
    "级别": "中大型",
    "座位数": 5,
    "车身尺寸(mm)": "5074*1893*1489",
    "厂商": "上汽大众",
    "能源类型": "汽油",
    "发动机排量(L)": "2.0T",
    "发动机马力(Ps)": 224.0,
    "驱动方式": "两驱",
    "综合油耗(L/100km)": 7.0,
    "环保标准": "国VI",
    "驾驶辅助影像": "倒车影像",
    "巡航系统": "定速巡航",
    "价格(万元)": 39.9,
    "车系": "辉昂",
    "动力水平": "较强",
    "油耗水平": "一般",
    "倒车影像": true,
    "定速巡航": true,
    "座椅加热": true,
    "座椅通风": true,
    "所属价格区间": " > 30"
  },
  {
    "名称": "迈特威 2.0TSI 两驱豪华版",
    "车型": "MPV",
    "级别": "中大型",
    "座位数": 7,
    "车身尺寸(mm)": "4904*1904*1970",
    "厂商": "进口大众",
    "能源类型": "汽油",
    "发动机排量(L)": "2.0T",
    "发动机马力(Ps)": 204.0,
    "驱动方式": "两驱",
    "综合油耗(L/100km)": 9.9,
    "环保标准": "国V",
    "驾驶辅助影像": "倒车影像",
    "巡航系统": "定速巡航",
    "价格(万元)": 42.8,
    "车系": "迈特威",
    "动力水平": "一般",
    "油耗水平": "一般",
    "倒车影像": true,
    "定速巡航": true,
    "座椅加热": true,
    "座椅通风": false,
    "所属价格区间": " > 30"
  },
  {
    "名称": "途昂X 530 V6 四驱尊崇豪华版",
    "车型": "SUV",
    "级别": "中大型",
    "座位数": 5,
    "车身尺寸(mm)": "4905*1989*1719",
    "厂商": "上汽大众",
    "能源类型": "汽油",
    "发动机排量(L)": "2.5T",
    "发动机马力(Ps)": 299.0,
    "驱动方式": "四驱",
    "综合油耗(L/100km)": 9.8,
    "环保标准": "国VI",
    "驾驶辅助影像": "倒车影像",
    "巡航系统": "定速巡航",
    "价格(万元)": 42.89,
    "车系": "途昂X",
    "动力水平": "较强",
    "油耗水平": "一般",
    "倒车影像": true,
    "定速巡航": true,
    "座椅加热": true,
    "座椅通风": false,
    "所属价格区间": " > 30"
  },
  {
    "名称": "途锐 2.0TSI 锐翼版",
    "车型": "SUV",
    "级别": "中大型",
    "座位数": 5,
    "车身尺寸(mm)": "4878*1984*1686",
    "厂商": "进口大众",
    "能源类型": "汽油",
    "发动机排量(L)": "2.0T",
    "发动机马力(Ps)": 245.0,
    "驱动方式": "四驱",
    "综合油耗(L/100km)": 8.9,
    "环保标准": "国VI",
    "驾驶辅助影像": "倒车影像",
    "巡航系统": "定速巡航",
    "价格(万元)": 61.98,
    "车系": "途锐",
    "动力水平": "一般",
    "油耗水平": "一般",
    "倒车影像": true,
    "定速巡航": true,
    "座椅加热": true,
    "座椅通风": true,
    "所属价格区间": " > 30"
  },
  {
    "名称": "途锐 3.0TSI 锐锋版",
    "车型": "SUV",
    "级别": "中大型",
    "座位数": 5,
    "车身尺寸(mm)": "4878*1984*1686",
    "厂商": "进口大众",
    "能源类型": "汽油",
    "发动机排量(L)": "3.0T",
    "发动机马力(Ps)": 340.0,
    "驱动方式": "四驱",
    "综合油耗(L/100km)": 9.7,
    "环保标准": "国VI",
    "驾驶辅助影像": "倒车影像",
    "巡航系统": "自适应巡航",
    "价格(万元)": 70.98,
    "车系": "途锐",
    "动力水平": "较强",
    "油耗水平": "一般",
    "倒车影像": true,
    "定速巡航": true,
    "座椅加热": true,
    "座椅通风": true,
    "所属价格区间": " > 30"
  }
]