[
  {
    "班号": "PC4J05007A",
    "难度": "志高班",
    "科目": "语文",
    "年级": "四年级",
    "区域": "吴中区",
    "校区": "吴中大厦",
    "上课方式": "面授",
    "开始日期": "2020/4/19",
    "结束日期": "2020/6/21",
    "每周": "日",
    "上课时间": "13:20",
    "下课时间": "15:20",
    "时段": "下午",
    "课次": 10,
    "课时": 20,
    "教室地点": "吴中大厦317",
    "教师": "陈梦雪",
    "价格": 1600,
    "课程网址": "http://souke.xdf.cn/Class/23-5059114.html",
    "教师网址": "http://souke.xdf.cn/Teacher/23-23-TC1835-0.html"
  },
  {
    "班号": "PC4J36008A",
    "难度": "志高班",
    "科目": "语文",
    "年级": "四年级",
    "区域": "园区",
    "校区": "园区星海",
    "上课方式": "面授",
    "开始日期": "2020/4/19",
    "结束日期": "2020/6/21",
    "每周": "日",
    "上课时间": "08:00",
    "下课时间": "10:00",
    "时段": "上午",
    "课次": 10,
    "课时": 20,
    "教室地点": "星海202",
    "教师": "李芸婕",
    "价格": 1600,
    "课程网址": "http://souke.xdf.cn/Class/23-5057650.html",
    "教师网址": "http://souke.xdf.cn/Teacher/23-23-TC1245-0.html"
  },
  {
    "班号": "PC4J44010A",
    "难度": "志高班",
    "科目": "语文",
    "年级": "四年级",
    "区域": "新区",
    "校区": "新区金河大厦",
    "上课方式": "面授",
    "开始日期": "2020/4/18",
    "结束日期": "2020/6/20",
    "每周": "六",
    "上课时间": "18:30",
    "下课时间": "20:30",
    "时段": "晚上",
    "课次": 10,
    "课时": 20,
    "教室地点": "金河大厦202",
    "教师": "董欣洁",
    "价格": 1600,
    "课程网址": "http://souke.xdf.cn/Class/23-5057528.html",
    "教师网址": "http://souke.xdf.cn/Teacher/23-23-TC887-0.html"
  },
  {
    "班号": "PC4P01046",
    "难度": "精进班",
    "科目": "语文",
    "年级": "四年级",
    "区域": "姑苏区",
    "校区": "姑苏乐桥",
    "上课方式": "面授",
    "开始日期": "2020/3/7",
    "结束日期": "2020/4/11",
    "每周": "六",
    "上课时间": "13:00",
    "下课时间": "15:00",
    "时段": "下午",
    "课次": 6,
    "课时": 12,
    "教室地点": "乐桥417",
    "教师": "谢佳慧",
    "价格": 960,
    "课程网址": "http://souke.xdf.cn/Class/23-5055260.html",
    "教师网址": "http://souke.xdf.cn/Teacher/23-23-TC34-0.html"
  },
  {
    "班号": "PC4P15036A",
    "难度": "精进班",
    "科目": "语文",
    "年级": "四年级",
    "区域": "园区",
    "校区": "园区乐活城",
    "上课方式": "面授",
    "开始日期": "2020/4/19",
    "结束日期": "2020/6/21",
    "每周": "日",
    "上课时间": "13:20",
    "下课时间": "15:20",
    "时段": "下午",
    "课次": 10,
    "课时": 20,
    "教室地点": "乐活城317",
    "教师": "胡敏",
    "价格": 1600,
    "课程网址": "http://souke.xdf.cn/Class/23-5057756.html",
    "教师网址": "http://souke.xdf.cn/Teacher/23-23-TC1649-0.html"
  },
  {
    "班号": "PC4P31026",
    "难度": "精进班",
    "科目": "语文",
    "年级": "四年级",
    "区域": "吴中区",
    "校区": "吴中双湖广场",
    "上课方式": "面授",
    "开始日期": "2020/3/7",
    "结束日期": "2020/4/11",
    "每周": "六",
    "上课时间": "10:20",
    "下课时间": "12:20",
    "时段": "上午",
    "课次": 6,
    "课时": 12,
    "教室地点": "双湖309",
    "教师": "徐仲",
    "价格": 960,
    "课程网址": "http://souke.xdf.cn/Class/23-5058786.html",
    "教师网址": "http://souke.xdf.cn/Teacher/23-23-TC2043-0.html"
  },
  {
    "班号": "PC4P44041A",
    "难度": "精进班",
    "科目": "语文",
    "年级": "四年级",
    "区域": "新区",
    "校区": "新区金河大厦",
    "上课方式": "面授",
    "开始日期": "2020/4/19",
    "结束日期": "2020/6/21",
    "每周": "日",
    "上课时间": "10:15",
    "下课时间": "12:15",
    "时段": "上午",
    "课次": 10,
    "课时": 20,
    "教室地点": "金河大厦203",
    "教师": "董欣洁",
    "价格": 1600,
    "课程网址": "http://souke.xdf.cn/Class/23-5057535.html",
    "教师网址": "http://souke.xdf.cn/Teacher/23-23-TC887-0.html"
  },
  {
    "班号": "PE4J05066",
    "难度": "志高班",
    "科目": "英语",
    "年级": "四年级",
    "区域": "吴中区",
    "校区": "吴中大厦",
    "上课方式": "面授+直播",
    "开始日期": "2020/3/8",
    "结束日期": "2020/4/12",
    "每周": "日",
    "上课时间": "10:20",
    "下课时间": "12:20",
    "时段": "上午",
    "课次": 6,
    "课时": 12,
    "教室地点": "吴中大厦302",
    "教师": "施婷慧",
    "价格": 1140,
    "课程网址": "http://souke.xdf.cn/Class/23-5059099.html",
    "教师网址": "http://souke.xdf.cn/Teacher/23-23-U0000331404-0.html"
  },
  {
    "班号": "PE4J15028A",
    "难度": "志高班",
    "科目": "英语",
    "年级": "四年级",
    "区域": "园区",
    "校区": "园区乐活城",
    "上课方式": "面授+直播",
    "开始日期": "2020/4/18",
    "结束日期": "2020/6/20",
    "每周": "六",
    "上课时间": "08:00",
    "下课时间": "10:00",
    "时段": "上午",
    "课次": 10,
    "课时": 20,
    "教室地点": "乐活城317",
    "教师": "陈芳",
    "价格": 1900,
    "课程网址": "http://souke.xdf.cn/Class/23-5058204.html",
    "教师网址": "http://souke.xdf.cn/Teacher/23-23-TC291-0.html"
  },
  {
    "班号": "PE4J44004A",
    "难度": "志高班",
    "科目": "英语",
    "年级": "四年级",
    "区域": "新区",
    "校区": "新区金河大厦",
    "上课方式": "面授+直播",
    "开始日期": "2020/4/18",
    "结束日期": "2020/6/20",
    "每周": "六",
    "上课时间": "10:15",
    "下课时间": "12:15",
    "时段": "上午",
    "课次": 10,
    "课时": 20,
    "教室地点": "金河大厦231",
    "教师": "夏勤",
    "价格": 1900,
    "课程网址": "http://souke.xdf.cn/Class/23-5440197.html",
    "教师网址": "http://souke.xdf.cn/Teacher/23-23-TC413-0.html"
  },
  {
    "班号": "PE4P01074A",
    "难度": "精进班",
    "科目": "英语",
    "年级": "四年级",
    "区域": "姑苏区",
    "校区": "姑苏乐桥",
    "上课方式": "面授",
    "开始日期": "2020/4/19",
    "结束日期": "2020/6/21",
    "每周": "日",
    "上课时间": "10:10",
    "下课时间": "12:10",
    "时段": "上午",
    "课次": 10,
    "课时": 20,
    "教室地点": "乐桥310",
    "教师": "贺春荣",
    "价格": 1600,
    "课程网址": "http://souke.xdf.cn/Class/23-5055364.html",
    "教师网址": "http://souke.xdf.cn/Teacher/23-23-U0000330604-0.html"
  },
  {
    "班号": "PE4P05066A",
    "难度": "精进班",
    "科目": "英语",
    "年级": "四年级",
    "区域": "吴中区",
    "校区": "吴中大厦",
    "上课方式": "面授",
    "开始日期": "2020/4/19",
    "结束日期": "2020/6/21",
    "每周": "日",
    "上课时间": "13:20",
    "下课时间": "15:20",
    "时段": "下午",
    "课次": 10,
    "课时": 20,
    "教室地点": "吴中大厦323",
    "教师": "李剑杰",
    "价格": 1600,
    "课程网址": "http://souke.xdf.cn/Class/23-5059247.html",
    "教师网址": "http://souke.xdf.cn/Teacher/23-23-TC1622-0.html"
  },
  {
    "班号": "PE4P23037",
    "难度": "精进班",
    "科目": "英语",
    "年级": "四年级",
    "区域": "园区",
    "校区": "园区中央景城",
    "上课方式": "面授",
    "开始日期": "2020/3/6",
    "结束日期": "2020/4/10",
    "每周": "五",
    "上课时间": "16:25",
    "下课时间": "18:25",
    "时段": "下午",
    "课次": 6,
    "课时": 12,
    "教室地点": "中央景城-Harvard哈佛",
    "教师": "茹梦莎",
    "价格": 960,
    "课程网址": "http://souke.xdf.cn/Class/23-5056394.html",
    "教师网址": "http://souke.xdf.cn/Teacher/23-23-TC1561-0.html"
  },
  {
    "班号": "PE4P44082A",
    "难度": "精进班",
    "科目": "英语",
    "年级": "四年级",
    "区域": "新区",
    "校区": "新区金河大厦",
    "上课方式": "面授",
    "开始日期": "2020/4/17",
    "结束日期": "2020/6/26",
    "每周": "五",
    "上课时间": "18:15",
    "下课时间": "20:15",
    "时段": "晚上",
    "课次": 10,
    "课时": 20,
    "教室地点": "金河大厦214",
    "教师": "杨汝佳",
    "价格": 1600,
    "课程网址": "http://souke.xdf.cn/Class/23-5057802.html",
    "教师网址": "http://souke.xdf.cn/Teacher/23-23-TC1067-0.html"
  },
  {
    "班号": "PE4T01024",
    "难度": "好学班",
    "科目": "英语",
    "年级": "四年级",
    "区域": "姑苏区",
    "校区": "姑苏乐桥",
    "上课方式": "面授",
    "开始日期": "2020/3/7",
    "结束日期": "2020/4/11",
    "每周": "六",
    "上课时间": "08:00",
    "下课时间": "10:00",
    "时段": "上午",
    "课次": 6,
    "课时": 12,
    "教室地点": "乐桥303",
    "教师": "马晓晴",
    "价格": 960,
    "课程网址": "http://souke.xdf.cn/Class/23-5055350.html",
    "教师网址": "http://souke.xdf.cn/Teacher/23-23-TC382-0.html"
  },
  {
    "班号": "PE4T05020A",
    "难度": "好学班",
    "科目": "英语",
    "年级": "四年级",
    "区域": "吴中区",
    "校区": "吴中大厦",
    "上课方式": "面授",
    "开始日期": "2020/4/18",
    "结束日期": "2020/6/20",
    "每周": "六",
    "上课时间": "15:40",
    "下课时间": "17:40",
    "时段": "下午",
    "课次": 10,
    "课时": 20,
    "教室地点": "吴中大厦320",
    "教师": "张丽萍",
    "价格": 1600,
    "课程网址": "http://souke.xdf.cn/Class/23-5059167.html",
    "教师网址": "http://souke.xdf.cn/Teacher/23-23-TC1029-0.html"
  },
  {
    "班号": "PE4T15020",
    "难度": "好学班",
    "科目": "英语",
    "年级": "四年级",
    "区域": "园区",
    "校区": "园区乐活城",
    "上课方式": "面授",
    "开始日期": "2020/3/8",
    "结束日期": "2020/4/12",
    "每周": "日",
    "上课时间": "13:20",
    "下课时间": "15:20",
    "时段": "下午",
    "课次": 6,
    "课时": 12,
    "教室地点": "乐活城301",
    "教师": "杨柳",
    "价格": 960,
    "课程网址": "http://souke.xdf.cn/Class/23-5055863.html",
    "教师网址": "http://souke.xdf.cn/Teacher/23-23-TC1419-0.html"
  },
  {
    "班号": "PE4T44042",
    "难度": "好学班",
    "科目": "英语",
    "年级": "四年级",
    "区域": "新区",
    "校区": "新区金河大厦",
    "上课方式": "面授",
    "开始日期": "2020/3/6",
    "结束日期": "2020/4/10",
    "每周": "五",
    "上课时间": "18:30",
    "下课时间": "20:30",
    "时段": "晚上",
    "课次": 6,
    "课时": 12,
    "教室地点": "金河大厦207",
    "教师": "潘秀秀",
    "价格": 960,
    "课程网址": "http://souke.xdf.cn/Class/23-5056524.html",
    "教师网址": "http://souke.xdf.cn/Teacher/23-23-TC385-0.html"
  },
  {
    "班号": "PM4J13002",
    "难度": "志高班",
    "科目": "数学",
    "年级": "四年级",
    "区域": "吴中区",
    "校区": "吴中商城",
    "上课方式": "面授",
    "开始日期": "2020/3/8",
    "结束日期": "2020/4/12",
    "每周": "日",
    "上课时间": "15:30",
    "下课时间": "17:30",
    "时段": "下午",
    "课次": 6,
    "课时": 12,
    "教室地点": "吴中商城402",
    "教师": "宋利",
    "价格": 960,
    "课程网址": "http://souke.xdf.cn/Class/23-5400685.html",
    "教师网址": "http://souke.xdf.cn/Teacher/23-23-TC331-0.html"
  },
  {
    "班号": "PM4J28006A",
    "难度": "志高班",
    "科目": "数学",
    "年级": "四年级",
    "区域": "园区",
    "校区": "园区方洲邻里中心",
    "上课方式": "面授",
    "开始日期": "2020/4/19",
    "结束日期": "2020/6/21",
    "每周": "日",
    "上课时间": "15:50",
    "下课时间": "17:50",
    "时段": "下午",
    "课次": 10,
    "课时": 20,
    "教室地点": "方洲313",
    "教师": "蒋莎",
    "价格": 1600,
    "课程网址": "http://souke.xdf.cn/Class/23-5057678.html",
    "教师网址": "http://souke.xdf.cn/Teacher/23-23-TC1248-0.html"
  },
  {
    "班号": "PM4J44007",
    "难度": "志高班",
    "科目": "数学",
    "年级": "四年级",
    "区域": "新区",
    "校区": "新区金河大厦",
    "上课方式": "面授",
    "开始日期": "2020/3/7",
    "结束日期": "2020/4/11",
    "每周": "六",
    "上课时间": "15:50",
    "下课时间": "17:50",
    "时段": "下午",
    "课次": 6,
    "课时": 12,
    "教室地点": "金河大厦207",
    "教师": "袁西",
    "价格": 960,
    "课程网址": "http://souke.xdf.cn/Class/23-5056272.html",
    "教师网址": "http://souke.xdf.cn/Teacher/23-23-TC658-0.html"
  },
  {
    "班号": "PM4P05048A",
    "难度": "精进班",
    "科目": "数学",
    "年级": "四年级",
    "区域": "吴中区",
    "校区": "吴中大厦",
    "上课方式": "面授",
    "开始日期": "2020/4/18",
    "结束日期": "2020/6/20",
    "每周": "六",
    "上课时间": "10:20",
    "下课时间": "12:20",
    "时段": "上午",
    "课次": 10,
    "课时": 20,
    "教室地点": "吴中大厦308",
    "教师": "颜鹏飞",
    "价格": 1600,
    "课程网址": "http://souke.xdf.cn/Class/23-5059215.html",
    "教师网址": "http://souke.xdf.cn/Teacher/23-23-U0000348074-0.html"
  },
  {
    "班号": "PM4P24022A",
    "难度": "精进班",
    "科目": "数学",
    "年级": "四年级",
    "区域": "姑苏区",
    "校区": "姑苏平江新城",
    "上课方式": "面授",
    "开始日期": "2020/4/18",
    "结束日期": "2020/6/20",
    "每周": "六",
    "上课时间": "13:00",
    "下课时间": "15:00",
    "时段": "下午",
    "课次": 10,
    "课时": 20,
    "教室地点": "平江新城310",
    "教师": "吴瑾",
    "价格": 1600,
    "课程网址": "http://souke.xdf.cn/Class/23-5055729.html",
    "教师网址": "http://souke.xdf.cn/Teacher/23-23-U0000343875-0.html"
  },
  {
    "班号": "PM4P28036A",
    "难度": "精进班",
    "科目": "数学",
    "年级": "四年级",
    "区域": "园区",
    "校区": "园区方洲邻里中心",
    "上课方式": "面授",
    "开始日期": "2020/4/18",
    "结束日期": "2020/6/20",
    "每周": "六",
    "上课时间": "13:20",
    "下课时间": "15:20",
    "时段": "下午",
    "课次": 10,
    "课时": 20,
    "教室地点": "方洲314",
    "教师": "马璐瑶",
    "价格": 1600,
    "课程网址": "http://souke.xdf.cn/Class/23-5058017.html",
    "教师网址": "http://souke.xdf.cn/Teacher/23-23-u0000350741-0.html"
  },
  {
    "班号": "PM4P44031A",
    "难度": "精进班",
    "科目": "数学",
    "年级": "四年级",
    "区域": "新区",
    "校区": "新区金河大厦",
    "上课方式": "面授",
    "开始日期": "2020/4/19",
    "结束日期": "2020/6/21",
    "每周": "日",
    "上课时间": "15:50",
    "下课时间": "17:50",
    "时段": "下午",
    "课次": 10,
    "课时": 20,
    "教室地点": "金河大厦207",
    "教师": "袁西",
    "价格": 1600,
    "课程网址": "http://souke.xdf.cn/Class/23-5057697.html",
    "教师网址": "http://souke.xdf.cn/Teacher/23-23-TC658-0.html"
  },
  {
    "班号": "PM4T28029A",
    "难度": "好学班",
    "科目": "数学",
    "年级": "四年级",
    "区域": "园区",
    "校区": "园区方洲邻里中心",
    "上课方式": "面授",
    "开始日期": "2020/4/18",
    "结束日期": "2020/6/20",
    "每周": "六",
    "上课时间": "15:50",
    "下课时间": "17:50",
    "时段": "下午",
    "课次": 10,
    "课时": 20,
    "教室地点": "方洲314",
    "教师": "蒋莎",
    "价格": 1600,
    "课程网址": "http://souke.xdf.cn/Class/23-5058111.html",
    "教师网址": "http://souke.xdf.cn/Teacher/23-23-TC1248-0.html"
  },
  {
    "班号": "PM4T31014",
    "难度": "好学班",
    "科目": "数学",
    "年级": "四年级",
    "区域": "吴中区",
    "校区": "吴中双湖广场",
    "上课方式": "面授",
    "开始日期": "2020/3/7",
    "结束日期": "2020/4/11",
    "每周": "六",
    "上课时间": "08:00",
    "下课时间": "10:00",
    "时段": "上午",
    "课次": 6,
    "课时": 12,
    "教室地点": "双湖311",
    "教师": "贺瑶林",
    "价格": 960,
    "课程网址": "http://souke.xdf.cn/Class/23-5058804.html",
    "教师网址": "http://souke.xdf.cn/Teacher/23-23-TC1507-0.html"
  },
  {
    "班号": "PM4T48005",
    "难度": "好学班",
    "科目": "数学",
    "年级": "四年级",
    "区域": "新区",
    "校区": "新区熙金广场",
    "上课方式": "面授",
    "开始日期": "2020/3/7",
    "结束日期": "2020/4/11",
    "每周": "六",
    "上课时间": "08:00",
    "下课时间": "10:00",
    "时段": "上午",
    "课次": 6,
    "课时": 12,
    "教室地点": "熙金广场117",
    "教师": "崔晓晗",
    "价格": 960,
    "课程网址": "http://souke.xdf.cn/Class/23-5056091.html",
    "教师网址": "http://souke.xdf.cn/Teacher/23-23-TC229-0.html"
  },
  {
    "班号": "PC5J05009A",
    "难度": "志高班",
    "科目": "语文",
    "年级": "五年级",
    "区域": "吴中区",
    "校区": "吴中大厦",
    "上课方式": "面授",
    "开始日期": "2020/4/18",
    "结束日期": "2020/6/20",
    "每周": "六",
    "上课时间": "10:20",
    "下课时间": "12:20",
    "时段": "上午",
    "课次": 10,
    "课时": 20,
    "教室地点": "吴中大厦321",
    "教师": "卢仪芳",
    "价格": 1600,
    "课程网址": "http://souke.xdf.cn/Class/23-5059270.html",
    "教师网址": "http://souke.xdf.cn/Teacher/23-23-TC872-0.html"
  },
  {
    "班号": "PC5J44013A",
    "难度": "志高班",
    "科目": "语文",
    "年级": "五年级",
    "区域": "新区",
    "校区": "新区金河大厦",
    "上课方式": "面授",
    "开始日期": "2020/4/19",
    "结束日期": "2020/6/21",
    "每周": "日",
    "上课时间": "10:15",
    "下课时间": "12:15",
    "时段": "上午",
    "课次": 10,
    "课时": 20,
    "教室地点": "金河大厦227",
    "教师": "刘欣",
    "价格": 1600,
    "课程网址": "http://souke.xdf.cn/Class/23-5058174.html",
    "教师网址": "http://souke.xdf.cn/Teacher/23-23-TECH00290-0.html"
  },
  {
    "班号": "PC5P01047",
    "难度": "精进班",
    "科目": "语文",
    "年级": "五年级",
    "区域": "姑苏区",
    "校区": "姑苏乐桥",
    "上课方式": "面授",
    "开始日期": "2020/3/7",
    "结束日期": "2020/4/11",
    "每周": "六",
    "上课时间": "08:00",
    "下课时间": "10:00",
    "时段": "上午",
    "课次": 6,
    "课时": 12,
    "教室地点": "乐桥309",
    "教师": "息晶",
    "价格": 960,
    "课程网址": "http://souke.xdf.cn/Class/23-5055261.html",
    "教师网址": "http://souke.xdf.cn/Teacher/23-23-TC414-0.html"
  },
  {
    "班号": "PC5P05068",
    "难度": "精进班",
    "科目": "语文",
    "年级": "五年级",
    "区域": "吴中区",
    "校区": "吴中大厦",
    "上课方式": "面授",
    "开始日期": "2020/3/8",
    "结束日期": "2020/4/12",
    "每周": "日",
    "上课时间": "13:20",
    "下课时间": "15:20",
    "时段": "下午",
    "课次": 6,
    "课时": 12,
    "教室地点": "吴中大厦304",
    "教师": "李婉莉",
    "价格": 960,
    "课程网址": "http://souke.xdf.cn/Class/23-5058938.html",
    "教师网址": "http://souke.xdf.cn/Teacher/23-23-TC1481-0.html"
  },
  {
    "班号": "PC5P28056",
    "难度": "精进班",
    "科目": "语文",
    "年级": "五年级",
    "区域": "园区",
    "校区": "园区方洲邻里中心",
    "上课方式": "面授",
    "开始日期": "2020/3/7",
    "结束日期": "2020/4/11",
    "每周": "六",
    "上课时间": "13:20",
    "下课时间": "15:20",
    "时段": "下午",
    "课次": 6,
    "课时": 12,
    "教室地点": "方洲307",
    "教师": "姚悦",
    "价格": 960,
    "课程网址": "http://souke.xdf.cn/Class/23-5056535.html",
    "教师网址": "http://souke.xdf.cn/Teacher/23-23-tc1444-0.html"
  },
  {
    "班号": "PC5P44043A",
    "难度": "精进班",
    "科目": "语文",
    "年级": "五年级",
    "区域": "新区",
    "校区": "新区金河大厦",
    "上课方式": "面授",
    "开始日期": "2020/4/19",
    "结束日期": "2020/6/21",
    "每周": "日",
    "上课时间": "13:20",
    "下课时间": "15:20",
    "时段": "下午",
    "课次": 10,
    "课时": 20,
    "教室地点": "金河大厦202",
    "教师": "焦红梅",
    "价格": 1600,
    "课程网址": "http://souke.xdf.cn/Class/23-5057741.html",
    "教师网址": "http://souke.xdf.cn/Teacher/23-23-TC935-0.html"
  },
  {
    "班号": "PE5J05065",
    "难度": "志高班",
    "科目": "英语",
    "年级": "五年级",
    "区域": "吴中区",
    "校区": "吴中大厦",
    "上课方式": "面授",
    "开始日期": "2020/3/7",
    "结束日期": "2020/4/11",
    "每周": "六",
    "上课时间": "18:00",
    "下课时间": "20:00",
    "时段": "晚上",
    "课次": 6,
    "课时": 12,
    "教室地点": "吴中大厦318",
    "教师": "李嘉仪",
    "价格": 960,
    "课程网址": "http://souke.xdf.cn/Class/23-5058927.html",
    "教师网址": "http://souke.xdf.cn/Teacher/23-23-TC1718-0.html"
  },
  {
    "班号": "PE5J36036A",
    "难度": "志高班",
    "科目": "英语",
    "年级": "五年级",
    "区域": "园区",
    "校区": "园区星海",
    "上课方式": "面授",
    "开始日期": "2020/4/15",
    "结束日期": "2020/6/17",
    "每周": "三",
    "上课时间": "15:50",
    "下课时间": "17:50",
    "时段": "下午",
    "课次": 10,
    "课时": 20,
    "教室地点": "星海212",
    "教师": "吕珍荣",
    "价格": 1600,
    "课程网址": "http://souke.xdf.cn/Class/23-5057735.html",
    "教师网址": "http://souke.xdf.cn/Teacher/23-23-TC33-0.html"
  },
  {
    "班号": "PE5J48003",
    "难度": "志高班",
    "科目": "英语",
    "年级": "五年级",
    "区域": "新区",
    "校区": "新区熙金广场",
    "上课方式": "面授",
    "开始日期": "2020/3/7",
    "结束日期": "2020/4/11",
    "每周": "六",
    "上课时间": "15:40",
    "下课时间": "17:40",
    "时段": "下午",
    "课次": 6,
    "课时": 12,
    "教室地点": "熙金广场105",
    "教师": "管玉佳",
    "价格": 960,
    "课程网址": "http://souke.xdf.cn/Class/23-5056252.html",
    "教师网址": "http://souke.xdf.cn/Teacher/23-23-TC352-0.html"
  },
  {
    "班号": "PE5P01112",
    "难度": "精进班",
    "科目": "英语",
    "年级": "五年级",
    "区域": "姑苏区",
    "校区": "姑苏乐桥",
    "上课方式": "面授",
    "开始日期": "2020/3/4",
    "结束日期": "2020/4/8",
    "每周": "三",
    "上课时间": "16:00",
    "下课时间": "18:00",
    "时段": "下午",
    "课次": 6,
    "课时": 12,
    "教室地点": "乐桥314",
    "教师": "马晓晴",
    "价格": 960,
    "课程网址": "http://souke.xdf.cn/Class/23-5055198.html",
    "教师网址": "http://souke.xdf.cn/Teacher/23-23-TC382-0.html"
  },
  {
    "班号": "PE5P05116A",
    "难度": "精进班",
    "科目": "英语",
    "年级": "五年级",
    "区域": "吴中区",
    "校区": "吴中大厦",
    "上课方式": "面授",
    "开始日期": "2020/4/18",
    "结束日期": "2020/6/20",
    "每周": "六",
    "上课时间": "10:20",
    "下课时间": "12:20",
    "时段": "上午",
    "课次": 10,
    "课时": 20,
    "教室地点": "吴中大厦322",
    "教师": "潘韵",
    "价格": 1600,
    "课程网址": "http://souke.xdf.cn/Class/23-5059119.html",
    "教师网址": "http://souke.xdf.cn/Teacher/23-23-TC1250-0.html"
  },
  {
    "班号": "PE5P36112A",
    "难度": "精进班",
    "科目": "英语",
    "年级": "五年级",
    "区域": "园区",
    "校区": "园区星海",
    "上课方式": "面授",
    "开始日期": "2020/4/18",
    "结束日期": "2020/6/20",
    "每周": "六",
    "上课时间": "15:50",
    "下课时间": "17:50",
    "时段": "下午",
    "课次": 10,
    "课时": 20,
    "教室地点": "星海221",
    "教师": "颜培琳",
    "价格": 1600,
    "课程网址": "http://souke.xdf.cn/Class/23-5058230.html",
    "教师网址": "http://souke.xdf.cn/Teacher/23-23-TC351-0.html"
  },
  {
    "班号": "PE5P44094A",
    "难度": "精进班",
    "科目": "英语",
    "年级": "五年级",
    "区域": "新区",
    "校区": "新区金河大厦",
    "上课方式": "面授",
    "开始日期": "2020/4/18",
    "结束日期": "2020/6/20",
    "每周": "六",
    "上课时间": "13:20",
    "下课时间": "15:20",
    "时段": "下午",
    "课次": 10,
    "课时": 20,
    "教室地点": "金河大厦205",
    "教师": "薛如冰",
    "价格": 1600,
    "课程网址": "http://souke.xdf.cn/Class/23-5058018.html",
    "教师网址": "http://souke.xdf.cn/Teacher/23-23-Tc1190-0.html"
  },
  {
    "班号": "PE5T01041",
    "难度": "好学班",
    "科目": "英语",
    "年级": "五年级",
    "区域": "姑苏区",
    "校区": "姑苏乐桥",
    "上课方式": "面授",
    "开始日期": "2020/3/7",
    "结束日期": "2020/4/11",
    "每周": "六",
    "上课时间": "08:00",
    "下课时间": "10:00",
    "时段": "上午",
    "课次": 6,
    "课时": 12,
    "教室地点": "乐桥310",
    "教师": "刘芳芳",
    "价格": 960,
    "课程网址": "http://souke.xdf.cn/Class/23-5055375.html",
    "教师网址": "http://souke.xdf.cn/Teacher/23-23-TC1142-0.html"
  },
  {
    "班号": "PE5T05027A",
    "难度": "好学班",
    "科目": "英语",
    "年级": "五年级",
    "区域": "吴中区",
    "校区": "吴中大厦",
    "上课方式": "面授",
    "开始日期": "2020/4/19",
    "结束日期": "2020/6/21",
    "每周": "日",
    "上课时间": "15:40",
    "下课时间": "17:40",
    "时段": "下午",
    "课次": 10,
    "课时": 20,
    "教室地点": "吴中大厦302",
    "教师": "陈婧",
    "价格": 1600,
    "课程网址": "http://souke.xdf.cn/Class/23-5059107.html",
    "教师网址": "http://souke.xdf.cn/Teacher/23-23-U0000341407-0.html"
  },
  {
    "班号": "PE5T28041A",
    "难度": "好学班",
    "科目": "英语",
    "年级": "五年级",
    "区域": "园区",
    "校区": "园区方洲邻里中心",
    "上课方式": "面授",
    "开始日期": "2020/4/18",
    "结束日期": "2020/6/20",
    "每周": "六",
    "上课时间": "08:00",
    "下课时间": "10:00",
    "时段": "上午",
    "课次": 10,
    "课时": 20,
    "教室地点": "方洲316",
    "教师": "张乙淇",
    "价格": 1600,
    "课程网址": "http://souke.xdf.cn/Class/23-5057945.html",
    "教师网址": "http://souke.xdf.cn/Teacher/23-23-TC1162-0.html"
  },
  {
    "班号": "PE5T44034A",
    "难度": "好学班",
    "科目": "英语",
    "年级": "五年级",
    "区域": "新区",
    "校区": "新区金河大厦",
    "上课方式": "面授",
    "开始日期": "2020/4/18",
    "结束日期": "2020/6/20",
    "每周": "六",
    "上课时间": "08:00",
    "下课时间": "10:00",
    "时段": "上午",
    "课次": 10,
    "课时": 20,
    "教室地点": "金河大厦220",
    "教师": "徐青青",
    "价格": 1600,
    "课程网址": "http://souke.xdf.cn/Class/23-5057963.html",
    "教师网址": "http://souke.xdf.cn/Teacher/23-23-TC1488-0.html"
  },
  {
    "班号": "PM5J44004A",
    "难度": "志高班",
    "科目": "数学",
    "年级": "五年级",
    "区域": "新区",
    "校区": "新区金河大厦",
    "上课方式": "面授",
    "开始日期": "2020/4/18",
    "结束日期": "2020/6/20",
    "每周": "六",
    "上课时间": "13:20",
    "下课时间": "15:20",
    "时段": "下午",
    "课次": 10,
    "课时": 20,
    "教室地点": "金河大厦206",
    "教师": "许小云",
    "价格": 1600,
    "课程网址": "http://souke.xdf.cn/Class/23-5058055.html",
    "教师网址": "http://souke.xdf.cn/Teacher/23-23-TC420-0.html"
  },
  {
    "班号": "PM5P15017A",
    "难度": "精进班",
    "科目": "数学",
    "年级": "五年级",
    "区域": "园区",
    "校区": "园区乐活城",
    "上课方式": "面授",
    "开始日期": "2020/4/18",
    "结束日期": "2020/6/20",
    "每周": "六",
    "上课时间": "10:20",
    "下课时间": "12:20",
    "时段": "上午",
    "课次": 10,
    "课时": 20,
    "教室地点": "乐活城311",
    "教师": "周鑫",
    "价格": 1600,
    "课程网址": "http://souke.xdf.cn/Class/23-5057899.html",
    "教师网址": "http://souke.xdf.cn/Teacher/23-23-TC905-0.html"
  },
  {
    "班号": "PM5P24018A",
    "难度": "精进班",
    "科目": "数学",
    "年级": "五年级",
    "区域": "姑苏区",
    "校区": "姑苏平江新城",
    "上课方式": "面授",
    "开始日期": "2020/4/19",
    "结束日期": "2020/6/21",
    "每周": "日",
    "上课时间": "13:00",
    "下课时间": "15:00",
    "时段": "下午",
    "课次": 10,
    "课时": 20,
    "教室地点": "平江新城307",
    "教师": "彭雪燕",
    "价格": 1600,
    "课程网址": "http://souke.xdf.cn/Class/23-5055677.html",
    "教师网址": "http://souke.xdf.cn/Teacher/23-23-TC162-0.html"
  },
  {
    "班号": "PM5P31014A",
    "难度": "精进班",
    "科目": "数学",
    "年级": "五年级",
    "区域": "吴中区",
    "校区": "吴中双湖广场",
    "上课方式": "面授",
    "开始日期": "2020/4/19",
    "结束日期": "2020/6/21",
    "每周": "日",
    "上课时间": "08:00",
    "下课时间": "10:00",
    "时段": "上午",
    "课次": 10,
    "课时": 20,
    "教室地点": "双湖311",
    "教师": "贺瑶林",
    "价格": 1600,
    "课程网址": "http://souke.xdf.cn/Class/23-5058756.html",
    "教师网址": "http://souke.xdf.cn/Teacher/23-23-TC1507-0.html"
  },
  {
    "班号": "PM5P44032",
    "难度": "精进班",
    "科目": "数学",
    "年级": "五年级",
    "区域": "新区",
    "校区": "新区金河大厦",
    "上课方式": "面授",
    "开始日期": "2020/3/7",
    "结束日期": "2020/4/11",
    "每周": "六",
    "上课时间": "13:20",
    "下课时间": "15:20",
    "时段": "下午",
    "课次": 6,
    "课时": 12,
    "教室地点": "金河大厦217",
    "教师": "石力丹",
    "价格": 960,
    "课程网址": "http://souke.xdf.cn/Class/23-5056273.html",
    "教师网址": "http://souke.xdf.cn/Teacher/23-23-TC1704-0.html"
  },
  {
    "班号": "PM5T05030",
    "难度": "好学班",
    "科目": "数学",
    "年级": "五年级",
    "区域": "吴中区",
    "校区": "吴中大厦",
    "上课方式": "面授",
    "开始日期": "2020/3/8",
    "结束日期": "2020/4/12",
    "每周": "日",
    "上课时间": "13:20",
    "下课时间": "15:20",
    "时段": "下午",
    "课次": 6,
    "课时": 12,
    "教室地点": "吴中大厦305",
    "教师": "周文会",
    "价格": 960,
    "课程网址": "http://souke.xdf.cn/Class/23-5059067.html",
    "教师网址": "http://souke.xdf.cn/Teacher/23-23-TC1743-0.html"
  },
  {
    "班号": "PM5T15022A",
    "难度": "好学班",
    "科目": "数学",
    "年级": "五年级",
    "区域": "园区",
    "校区": "园区乐活城",
    "上课方式": "面授",
    "开始日期": "2020/4/19",
    "结束日期": "2020/6/21",
    "每周": "日",
    "上课时间": "13:20",
    "下课时间": "15:20",
    "时段": "下午",
    "课次": 10,
    "课时": 20,
    "教室地点": "乐活城311",
    "教师": "周鑫",
    "价格": 1600,
    "课程网址": "http://souke.xdf.cn/Class/23-5058002.html",
    "教师网址": "http://souke.xdf.cn/Teacher/23-23-TC905-0.html"
  },
  {
    "班号": "PM5T24013",
    "难度": "好学班",
    "科目": "数学",
    "年级": "五年级",
    "区域": "姑苏区",
    "校区": "姑苏平江新城",
    "上课方式": "面授",
    "开始日期": "2020/3/7",
    "结束日期": "2020/4/11",
    "每周": "六",
    "上课时间": "15:20",
    "下课时间": "17:20",
    "时段": "下午",
    "课次": 6,
    "课时": 12,
    "教室地点": "平江新城305",
    "教师": "吴瑾",
    "价格": 960,
    "课程网址": "http://souke.xdf.cn/Class/23-4140586.html",
    "教师网址": "http://souke.xdf.cn/Teacher/23-23-U0000343875-0.html"
  },
  {
    "班号": "PM5T44026",
    "难度": "好学班",
    "科目": "数学",
    "年级": "五年级",
    "区域": "新区",
    "校区": "新区金河大厦",
    "上课方式": "面授",
    "开始日期": "2020/3/8",
    "结束日期": "2020/4/12",
    "每周": "日",
    "上课时间": "08:00",
    "下课时间": "10:00",
    "时段": "上午",
    "课次": 6,
    "课时": 12,
    "教室地点": "金河大厦222",
    "教师": "黄振华",
    "价格": 960,
    "课程网址": "http://souke.xdf.cn/Class/23-5056279.html",
    "教师网址": "http://souke.xdf.cn/Teacher/23-23-TC890-0.html"
  },
  {
    "班号": "ZMCPC5J01004A",
    "难度": "志高班",
    "科目": "语文",
    "年级": "五年级",
    "区域": "姑苏区",
    "校区": "姑苏乐桥",
    "上课方式": "面授",
    "开始日期": "2020/4/18",
    "结束日期": "2020/6/13",
    "每周": "六",
    "上课时间": "18:30",
    "下课时间": "20:30",
    "时段": "晚上",
    "课次": 9,
    "课时": 18,
    "教室地点": "乐桥312",
    "教师": "谢佳慧",
    "价格": 1620,
    "课程网址": "http://souke.xdf.cn/Class/23-5055339.html",
    "教师网址": "http://souke.xdf.cn/Teacher/23-23-TC34-0.html"
  },
  {
    "班号": "ZMCPC5J36004A",
    "难度": "志高班",
    "科目": "语文",
    "年级": "五年级",
    "区域": "园区",
    "校区": "园区星海",
    "上课方式": "面授",
    "开始日期": "2020/4/18",
    "结束日期": "2020/6/13",
    "每周": "六",
    "上课时间": "13:20",
    "下课时间": "15:20",
    "时段": "下午",
    "课次": 9,
    "课时": 18,
    "教室地点": "星海220",
    "教师": "吕晓玲",
    "价格": 1620,
    "课程网址": "http://souke.xdf.cn/Class/23-5057932.html",
    "教师网址": "http://souke.xdf.cn/Teacher/23-23-TC1374-0.html"
  },
  {
    "班号": "ZMCPE5J01010A",
    "难度": "志高班",
    "科目": "英语",
    "年级": "五年级",
    "区域": "姑苏区",
    "校区": "姑苏乐桥",
    "上课方式": "面授",
    "开始日期": "2020/4/18",
    "结束日期": "2020/6/13",
    "每周": "六",
    "上课时间": "10:10",
    "下课时间": "12:10",
    "时段": "上午",
    "课次": 9,
    "课时": 18,
    "教室地点": "乐桥309",
    "教师": "耿凡",
    "价格": 1620,
    "课程网址": "http://souke.xdf.cn/Class/23-5055487.html",
    "教师网址": "http://souke.xdf.cn/Teacher/23-23-TC431-0.html"
  },
  {
    "班号": "ZMCPM5J01004A",
    "难度": "志高班",
    "科目": "数学",
    "年级": "五年级",
    "区域": "姑苏区",
    "校区": "姑苏乐桥",
    "上课方式": "面授",
    "开始日期": "2020/4/18",
    "结束日期": "2020/6/13",
    "每周": "六",
    "上课时间": "15:30",
    "下课时间": "17:30",
    "时段": "下午",
    "课次": 9,
    "课时": 18,
    "教室地点": "乐桥312",
    "教师": "张颖",
    "价格": 1620,
    "课程网址": "http://souke.xdf.cn/Class/23-5055300.html",
    "教师网址": "http://souke.xdf.cn/Teacher/23-23-TECH00272-0.html"
  },
  {
    "班号": "ZMCPM5J05004",
    "难度": "志高班",
    "科目": "数学",
    "年级": "五年级",
    "区域": "吴中区",
    "校区": "吴中大厦",
    "上课方式": "面授",
    "开始日期": "2020/3/7",
    "结束日期": "2020/4/11",
    "每周": "六",
    "上课时间": "10:20",
    "下课时间": "12:20",
    "时段": "上午",
    "课次": 6,
    "课时": 12,
    "教室地点": "吴中大厦316",
    "教师": "顾颜",
    "价格": 1080,
    "课程网址": "http://souke.xdf.cn/Class/23-5059093.html",
    "教师网址": "http://souke.xdf.cn/Teacher/23-23-TC1961-0.html"
  },
  {
    "班号": "ZMCPM5J36004A",
    "难度": "志高班",
    "科目": "数学",
    "年级": "五年级",
    "区域": "园区",
    "校区": "园区星海",
    "上课方式": "面授",
    "开始日期": "2020/4/18",
    "结束日期": "2020/6/13",
    "每周": "六",
    "上课时间": "10:20",
    "下课时间": "12:20",
    "时段": "上午",
    "课次": 9,
    "课时": 18,
    "教室地点": "星海220",
    "教师": "徐启豪",
    "价格": 1620,
    "课程网址": "http://souke.xdf.cn/Class/23-5057872.html",
    "教师网址": "http://souke.xdf.cn/Teacher/23-23-TC1218-0.html"
  },
  {
    "班号": "PC6J32011A",
    "难度": "志高班",
    "科目": "语文",
    "年级": "六年级",
    "区域": "吴中区",
    "校区": "吴中世茂",
    "上课方式": "面授",
    "开始日期": "2020/4/17",
    "结束日期": "2020/6/26",
    "每周": "五",
    "上课时间": "18:00",
    "下课时间": "20:00",
    "时段": "晚上",
    "课次": 10,
    "课时": 20,
    "教室地点": "世茂广场304",
    "教师": "陈茜",
    "价格": 1600,
    "课程网址": "http://souke.xdf.cn/Class/23-5058689.html",
    "教师网址": "http://souke.xdf.cn/Teacher/23-23-TECH00264-0.html"
  },
  {
    "班号": "PC6J36010A",
    "难度": "志高班",
    "科目": "语文",
    "年级": "六年级",
    "区域": "园区",
    "校区": "园区星海",
    "上课方式": "面授",
    "开始日期": "2020/4/19",
    "结束日期": "2020/6/21",
    "每周": "日",
    "上课时间": "10:20",
    "下课时间": "12:20",
    "时段": "上午",
    "课次": 10,
    "课时": 20,
    "教室地点": "星海220",
    "教师": "李芸婕",
    "价格": 1600,
    "课程网址": "http://souke.xdf.cn/Class/23-5057606.html",
    "教师网址": "http://souke.xdf.cn/Teacher/23-23-TC1245-0.html"
  },
  {
    "班号": "PC6J44012A",
    "难度": "志高班",
    "科目": "语文",
    "年级": "六年级",
    "区域": "新区",
    "校区": "新区金河大厦",
    "上课方式": "面授",
    "开始日期": "2020/4/18",
    "结束日期": "2020/6/20",
    "每周": "六",
    "上课时间": "15:50",
    "下课时间": "17:50",
    "时段": "下午",
    "课次": 10,
    "课时": 20,
    "教室地点": "金河大厦209",
    "教师": "刘欣",
    "价格": 1600,
    "课程网址": "http://souke.xdf.cn/Class/23-5058152.html",
    "教师网址": "http://souke.xdf.cn/Teacher/23-23-TECH00290-0.html"
  },
  {
    "班号": "PC6P15036",
    "难度": "精进班",
    "科目": "语文",
    "年级": "六年级",
    "区域": "园区",
    "校区": "园区乐活城",
    "上课方式": "面授",
    "开始日期": "2020/3/7",
    "结束日期": "2020/4/11",
    "每周": "六",
    "上课时间": "15:50",
    "下课时间": "17:50",
    "时段": "下午",
    "课次": 6,
    "课时": 12,
    "教室地点": "乐活城304",
    "教师": "胡敏",
    "价格": 960,
    "课程网址": "http://souke.xdf.cn/Class/23-5056287.html",
    "教师网址": "http://souke.xdf.cn/Teacher/23-23-TC1649-0.html"
  },
  {
    "班号": "PC6P24024A",
    "难度": "精进班",
    "科目": "语文",
    "年级": "六年级",
    "区域": "姑苏区",
    "校区": "姑苏平江新城",
    "上课方式": "面授",
    "开始日期": "2020/4/18",
    "结束日期": "2020/6/20",
    "每周": "六",
    "上课时间": "18:30",
    "下课时间": "20:30",
    "时段": "晚上",
    "课次": 10,
    "课时": 20,
    "教室地点": "平江新城301",
    "教师": "朱妍婧",
    "价格": 1600,
    "课程网址": "http://souke.xdf.cn/Class/23-5055664.html",
    "教师网址": "http://souke.xdf.cn/Teacher/23-23-TC1736-0.html"
  },
  {
    "班号": "PC6P44061",
    "难度": "精进班",
    "科目": "语文",
    "年级": "六年级",
    "区域": "新区",
    "校区": "新区金河大厦",
    "上课方式": "面授",
    "开始日期": "2020/3/8",
    "结束日期": "2020/4/12",
    "每周": "日",
    "上课时间": "08:00",
    "下课时间": "10:00",
    "时段": "上午",
    "课次": 6,
    "课时": 12,
    "教室地点": "金河大厦236",
    "教师": "陈锦华",
    "价格": 960,
    "课程网址": "http://souke.xdf.cn/Class/23-5437167.html",
    "教师网址": "http://souke.xdf.cn/Teacher/23-23-TC148-0.html"
  },
  {
    "班号": "PE6P24044A",
    "难度": "精进班",
    "科目": "英语",
    "年级": "六年级",
    "区域": "姑苏区",
    "校区": "姑苏平江新城",
    "上课方式": "面授",
    "开始日期": "2020/4/17",
    "结束日期": "2020/6/26",
    "每周": "五",
    "上课时间": "17:30",
    "下课时间": "19:30",
    "时段": "晚上",
    "课次": 10,
    "课时": 20,
    "教室地点": "平江新城309",
    "教师": "郭灵鸽",
    "价格": 1600,
    "课程网址": "http://souke.xdf.cn/Class/23-5055705.html",
    "教师网址": "http://souke.xdf.cn/Teacher/23-23-TC422-0.html"
  },
  {
    "班号": "PE6P32071A",
    "难度": "精进班",
    "科目": "英语",
    "年级": "六年级",
    "区域": "吴中区",
    "校区": "吴中世茂",
    "上课方式": "面授",
    "开始日期": "2020/4/19",
    "结束日期": "2020/6/21",
    "每周": "日",
    "上课时间": "15:50",
    "下课时间": "17:50",
    "时段": "下午",
    "课次": 10,
    "课时": 20,
    "教室地点": "世茂广场302",
    "教师": "王小妤",
    "价格": 1600,
    "课程网址": "http://souke.xdf.cn/Class/23-5058692.html",
    "教师网址": "http://souke.xdf.cn/Teacher/23-23-TECH00080-0.html"
  },
  {
    "班号": "PE6P36108A",
    "难度": "精进班",
    "科目": "英语",
    "年级": "六年级",
    "区域": "园区",
    "校区": "园区星海",
    "上课方式": "面授",
    "开始日期": "2020/4/17",
    "结束日期": "2020/6/26",
    "每周": "五",
    "上课时间": "16:45",
    "下课时间": "18:45",
    "时段": "下午",
    "课次": 10,
    "课时": 20,
    "教室地点": "星海天翔103",
    "教师": "郑佳敏",
    "价格": 1600,
    "课程网址": "http://souke.xdf.cn/Class/23-5057784.html",
    "教师网址": "http://souke.xdf.cn/Teacher/23-23-TC1568-0.html"
  },
  {
    "班号": "PE6P48018A",
    "难度": "精进班",
    "科目": "英语",
    "年级": "六年级",
    "区域": "新区",
    "校区": "新区熙金广场",
    "上课方式": "面授",
    "开始日期": "2020/4/19",
    "结束日期": "2020/6/21",
    "每周": "日",
    "上课时间": "08:00",
    "下课时间": "10:00",
    "时段": "上午",
    "课次": 10,
    "课时": 20,
    "教室地点": "熙金广场105",
    "教师": "管玉佳",
    "价格": 1600,
    "课程网址": "http://souke.xdf.cn/Class/23-5057630.html",
    "教师网址": "http://souke.xdf.cn/Teacher/23-23-TC352-0.html"
  },
  {
    "班号": "PE6T01052",
    "难度": "好学班",
    "科目": "英语",
    "年级": "六年级",
    "区域": "姑苏区",
    "校区": "姑苏乐桥",
    "上课方式": "面授",
    "开始日期": "2020/3/8",
    "结束日期": "2020/4/12",
    "每周": "日",
    "上课时间": "13:00",
    "下课时间": "15:00",
    "时段": "下午",
    "课次": 6,
    "课时": 12,
    "教室地点": "乐桥307",
    "教师": "刘香",
    "价格": 960,
    "课程网址": "http://souke.xdf.cn/Class/23-5055445.html",
    "教师网址": "http://souke.xdf.cn/Teacher/23-23-TC1122-0.html"
  },
  {
    "班号": "PE6T28046",
    "难度": "好学班",
    "科目": "英语",
    "年级": "六年级",
    "区域": "园区",
    "校区": "园区方洲邻里中心",
    "上课方式": "面授",
    "开始日期": "2020/3/8",
    "结束日期": "2020/4/12",
    "每周": "日",
    "上课时间": "15:50",
    "下课时间": "17:50",
    "时段": "下午",
    "课次": 6,
    "课时": 12,
    "教室地点": "方洲307",
    "教师": "周杨榕",
    "价格": 960,
    "课程网址": "http://souke.xdf.cn/Class/23-5056185.html",
    "教师网址": "http://souke.xdf.cn/Teacher/23-23-U0000351457-0.html"
  },
  {
    "班号": "PE6T38019",
    "难度": "好学班",
    "科目": "英语",
    "年级": "六年级",
    "区域": "吴中区",
    "校区": "吴中越溪",
    "上课方式": "面授",
    "开始日期": "2020/3/7",
    "结束日期": "2020/4/11",
    "每周": "六",
    "上课时间": "18:30",
    "下课时间": "20:30",
    "时段": "晚上",
    "课次": 6,
    "课时": 12,
    "教室地点": "越溪201",
    "教师": "汪海霞",
    "价格": 960,
    "课程网址": "http://souke.xdf.cn/Class/23-5059837.html",
    "教师网址": "http://souke.xdf.cn/Teacher/23-23-TC1298-0.html"
  },
  {
    "班号": "PE6T48010",
    "难度": "好学班",
    "科目": "英语",
    "年级": "六年级",
    "区域": "新区",
    "校区": "新区熙金广场",
    "上课方式": "面授",
    "开始日期": "2020/3/7",
    "结束日期": "2020/4/11",
    "每周": "六",
    "上课时间": "15:40",
    "下课时间": "17:40",
    "时段": "下午",
    "课次": 6,
    "课时": 12,
    "教室地点": "熙金广场103",
    "教师": "陈盼婷",
    "价格": 960,
    "课程网址": "http://souke.xdf.cn/Class/23-5056374.html",
    "教师网址": "http://souke.xdf.cn/Teacher/23-23-U0000341430-0.html"
  },
  {
    "班号": "PM6J24004A",
    "难度": "志高班",
    "科目": "数学",
    "年级": "六年级",
    "区域": "姑苏区",
    "校区": "姑苏平江新城",
    "上课方式": "面授",
    "开始日期": "2020/4/19",
    "结束日期": "2020/6/21",
    "每周": "日",
    "上课时间": "10:20",
    "下课时间": "12:20",
    "时段": "上午",
    "课次": 10,
    "课时": 20,
    "教室地点": "平江新城307",
    "教师": "夏正东",
    "价格": 1600,
    "课程网址": "http://souke.xdf.cn/Class/23-5179732.html",
    "教师网址": "http://souke.xdf.cn/Teacher/23-23-TCSZS0050187-0.html"
  },
  {
    "班号": "PM6J44008A",
    "难度": "志高班",
    "科目": "数学",
    "年级": "六年级",
    "区域": "新区",
    "校区": "新区金河大厦",
    "上课方式": "面授",
    "开始日期": "2020/4/18",
    "结束日期": "2020/6/20",
    "每周": "六",
    "上课时间": "10:15",
    "下课时间": "12:15",
    "时段": "上午",
    "课次": 10,
    "课时": 20,
    "教室地点": "金河大厦204",
    "教师": "蒋斌帅",
    "价格": 1600,
    "课程网址": "http://souke.xdf.cn/Class/23-5058172.html",
    "教师网址": "http://souke.xdf.cn/Teacher/23-23-TECH00203-0.html"
  },
  {
    "班号": "PM6P13033",
    "难度": "精进班",
    "科目": "数学",
    "年级": "六年级",
    "区域": "吴中区",
    "校区": "吴中商城",
    "上课方式": "面授",
    "开始日期": "2020/3/8",
    "结束日期": "2020/4/12",
    "每周": "日",
    "上课时间": "10:20",
    "下课时间": "12:20",
    "时段": "上午",
    "课次": 6,
    "课时": 12,
    "教室地点": "吴中商城401",
    "教师": "宋利",
    "价格": 960,
    "课程网址": "http://souke.xdf.cn/Class/23-5059893.html",
    "教师网址": "http://souke.xdf.cn/Teacher/23-23-TC331-0.html"
  },
  {
    "班号": "PM6P36038A",
    "难度": "精进班",
    "科目": "数学",
    "年级": "六年级",
    "区域": "园区",
    "校区": "园区星海",
    "上课方式": "面授",
    "开始日期": "2020/4/19",
    "结束日期": "2020/6/21",
    "每周": "日",
    "上课时间": "08:00",
    "下课时间": "10:00",
    "时段": "上午",
    "课次": 10,
    "课时": 20,
    "教室地点": "星海201",
    "教师": "闵丽",
    "价格": 1600,
    "课程网址": "http://souke.xdf.cn/Class/23-5057634.html",
    "教师网址": "http://souke.xdf.cn/Teacher/23-23-TC855-0.html"
  },
  {
    "班号": "PM6P39023",
    "难度": "精进班",
    "科目": "数学",
    "年级": "六年级",
    "区域": "姑苏区",
    "校区": "姑苏太阳广场",
    "上课方式": "面授",
    "开始日期": "2020/3/8",
    "结束日期": "2020/4/12",
    "每周": "日",
    "上课时间": "10:10",
    "下课时间": "12:10",
    "时段": "上午",
    "课次": 6,
    "课时": 12,
    "教室地点": "太阳广场308",
    "教师": "王盼盼",
    "价格": 960,
    "课程网址": "http://souke.xdf.cn/Class/23-5059570.html",
    "教师网址": "http://souke.xdf.cn/Teacher/23-23-TCSZS0050191-0.html"
  },
  {
    "班号": "PM6P48012A",
    "难度": "精进班",
    "科目": "数学",
    "年级": "六年级",
    "区域": "新区",
    "校区": "新区熙金广场",
    "上课方式": "面授",
    "开始日期": "2020/4/18",
    "结束日期": "2020/6/20",
    "每周": "六",
    "上课时间": "08:00",
    "下课时间": "10:00",
    "时段": "上午",
    "课次": 10,
    "课时": 20,
    "教室地点": "熙金广场118",
    "教师": "王紫娟",
    "价格": 1600,
    "课程网址": "http://souke.xdf.cn/Class/23-5179786.html",
    "教师网址": "http://souke.xdf.cn/Teacher/23-23-TC980-0.html"
  },
  {
    "班号": "PM6T24023",
    "难度": "好学班",
    "科目": "数学",
    "年级": "六年级",
    "区域": "姑苏区",
    "校区": "姑苏平江新城",
    "上课方式": "面授",
    "开始日期": "2020/3/7",
    "结束日期": "2020/4/11",
    "每周": "六",
    "上课时间": "15:20",
    "下课时间": "17:20",
    "时段": "下午",
    "课次": 6,
    "课时": 12,
    "教室地点": "平江新城302",
    "教师": "彭雪燕",
    "价格": 960,
    "课程网址": "http://souke.xdf.cn/Class/23-5055586.html",
    "教师网址": "http://souke.xdf.cn/Teacher/23-23-TC162-0.html"
  },
  {
    "班号": "PM6T31026",
    "难度": "好学班",
    "科目": "数学",
    "年级": "六年级",
    "区域": "吴中区",
    "校区": "吴中双湖广场",
    "上课方式": "面授",
    "开始日期": "2020/3/8",
    "结束日期": "2020/4/12",
    "每周": "日",
    "上课时间": "13:00",
    "下课时间": "15:00",
    "时段": "下午",
    "课次": 6,
    "课时": 12,
    "教室地点": "双湖311",
    "教师": "贺瑶林",
    "价格": 960,
    "课程网址": "http://souke.xdf.cn/Class/23-5058799.html",
    "教师网址": "http://souke.xdf.cn/Teacher/23-23-TC1507-0.html"
  },
  {
    "班号": "PM6T36047",
    "难度": "好学班",
    "科目": "数学",
    "年级": "六年级",
    "区域": "园区",
    "校区": "园区星海",
    "上课方式": "面授",
    "开始日期": "2020/3/7",
    "结束日期": "2020/4/11",
    "每周": "六",
    "上课时间": "08:00",
    "下课时间": "10:00",
    "时段": "上午",
    "课次": 6,
    "课时": 12,
    "教室地点": "星海208",
    "教师": "徐启豪",
    "价格": 960,
    "课程网址": "http://souke.xdf.cn/Class/23-5180123.html",
    "教师网址": "http://souke.xdf.cn/Teacher/23-23-TC1218-0.html"
  },
  {
    "班号": "PM6T44035",
    "难度": "好学班",
    "科目": "数学",
    "年级": "六年级",
    "区域": "新区",
    "校区": "新区金河大厦",
    "上课方式": "面授",
    "开始日期": "2020/3/7",
    "结束日期": "2020/4/11",
    "每周": "六",
    "上课时间": "08:00",
    "下课时间": "10:00",
    "时段": "上午",
    "课次": 6,
    "课时": 12,
    "教室地点": "金河大厦206",
    "教师": "许小云",
    "价格": 960,
    "课程网址": "http://souke.xdf.cn/Class/23-5056276.html",
    "教师网址": "http://souke.xdf.cn/Teacher/23-23-TC420-0.html"
  },
  {
    "班号": "ZMCPC6J01012A",
    "难度": "志高班",
    "科目": "语文",
    "年级": "六年级",
    "区域": "姑苏区",
    "校区": "姑苏乐桥",
    "上课方式": "面授",
    "开始日期": "2020/4/19",
    "结束日期": "2020/6/14",
    "每周": "日",
    "上课时间": "08:00",
    "下课时间": "10:00",
    "时段": "上午",
    "课次": 9,
    "课时": 18,
    "教室地点": "乐桥309",
    "教师": "谢佳慧",
    "价格": 1620,
    "课程网址": "http://souke.xdf.cn/Class/23-5055376.html",
    "教师网址": "http://souke.xdf.cn/Teacher/23-23-TC34-0.html"
  },
  {
    "班号": "ZMCPE6J0519A",
    "难度": "志高班",
    "科目": "英语",
    "年级": "六年级",
    "区域": "吴中区",
    "校区": "吴中大厦",
    "上课方式": "面授",
    "开始日期": "2020/4/19",
    "结束日期": "2020/6/14",
    "每周": "日",
    "上课时间": "13:20",
    "下课时间": "15:20",
    "时段": "下午",
    "课次": 9,
    "课时": 18,
    "教室地点": "吴中大厦318",
    "教师": "李嘉仪",
    "价格": 1620,
    "课程网址": "http://souke.xdf.cn/Class/23-5185986.html",
    "教师网址": "http://souke.xdf.cn/Teacher/23-23-TC1718-0.html"
  },
  {
    "班号": "ZMCPE6J15007A",
    "难度": "志高班",
    "科目": "英语",
    "年级": "六年级",
    "区域": "园区",
    "校区": "园区乐活城",
    "上课方式": "面授",
    "开始日期": "2020/4/19",
    "结束日期": "2020/6/14",
    "每周": "日",
    "上课时间": "08:00",
    "下课时间": "10:00",
    "时段": "上午",
    "课次": 9,
    "课时": 18,
    "教室地点": "乐活城311",
    "教师": "陈芳",
    "价格": 1620,
    "课程网址": "http://souke.xdf.cn/Class/23-5172013.html",
    "教师网址": "http://souke.xdf.cn/Teacher/23-23-TC291-0.html"
  },
  {
    "班号": "ZMCPE6J39007A",
    "难度": "志高班",
    "科目": "英语",
    "年级": "六年级",
    "区域": "姑苏区",
    "校区": "姑苏太阳广场",
    "上课方式": "面授",
    "开始日期": "2020/4/17",
    "结束日期": "2020/6/19",
    "每周": "五",
    "上课时间": "18:00",
    "下课时间": "20:00",
    "时段": "晚上",
    "课次": 9,
    "课时": 18,
    "教室地点": "太阳广场307",
    "教师": "金春芳",
    "价格": 1620,
    "课程网址": "http://souke.xdf.cn/Class/23-5059716.html",
    "教师网址": "http://souke.xdf.cn/Teacher/23-23-TCSZS0050049-0.html"
  },
  {
    "班号": "ZMCPM6J05015A",
    "难度": "志高班",
    "科目": "数学",
    "年级": "六年级",
    "区域": "吴中区",
    "校区": "吴中大厦",
    "上课方式": "面授",
    "开始日期": "2020/4/19",
    "结束日期": "2020/6/14",
    "每周": "日",
    "上课时间": "13:20",
    "下课时间": "15:20",
    "时段": "下午",
    "课次": 9,
    "课时": 18,
    "教室地点": "吴中大厦319",
    "教师": "施依菁",
    "价格": 1620,
    "课程网址": "http://souke.xdf.cn/Class/23-5059208.html",
    "教师网址": "http://souke.xdf.cn/Teacher/23-23-TC376-0.html"
  },
  {
    "班号": "ZMCPM6J36008A",
    "难度": "志高班",
    "科目": "数学",
    "年级": "六年级",
    "区域": "园区",
    "校区": "园区星海",
    "上课方式": "面授",
    "开始日期": "2020/4/18",
    "结束日期": "2020/6/13",
    "每周": "六",
    "上课时间": "13:20",
    "下课时间": "15:20",
    "时段": "下午",
    "课次": 9,
    "课时": 18,
    "教室地点": "星海218",
    "教师": "徐启豪",
    "价格": 1620,
    "课程网址": "http://souke.xdf.cn/Class/23-5057931.html",
    "教师网址": "http://souke.xdf.cn/Teacher/23-23-TC1218-0.html"
  }
]