[
  {
    "名称": "苏州大学附属第一医院",
    "等级": "三级",
    "类别": "综合医院",
    "性质": "公立医院",
    "区域": "姑苏区",
    "地址": "十梓街188号",
    "电话": 65223637,
    "挂号时间": "7:15-11:00,11:15-16:00",
    "门诊时间": "7:45-11:30,13:00-16:30",
    "公交线路": "游2路、40路、50路、202路、529路、200路、529路、811路、89路、8路、55路、204路、309路、501路",
    "地铁可达": true,
    "地铁线路": "地铁1号线临顿路站",
    "重点科室": [
      "心血管内科",
      "肾内科",
      "血液科",
      "骨科",
      "神经内科",
      "普外科",
      "产科",
      "内分泌科",
      "消化内科",
      "精神心理科",
      "烧伤科",
      "肿瘤科",
      "神经外科",
      "呼吸内科",
      "泌尿外科",
      "眼科",
      "妇科"
    ],
    "CT": true,
    "3.0T MRI": true,
    "DSA": true
  },
  {
    "名称": "苏州大学附属第二医院",
    "等级": "三级",
    "类别": "综合医院",
    "性质": "公立医院",
    "区域": "姑苏区",
    "地址": "三香路1055号",
    "电话": 68282030,
    "挂号时间": "7:00-11:30,12:00-16:30",
    "门诊时间": "8:00-12:00,13:00-16:45",
    "公交线路": "2路、35路、38路、39路、40路、51路、60路、68路、69路、89路、303路、304路、308路、317路、321路、502路、931路",
    "地铁可达": true,
    "地铁线路": "地铁1号线滨河路站",
    "重点科室": [
      "心血管内科",
      "肾内科",
      "血液科",
      "骨科",
      "神经内科",
      "普外科",
      "产科",
      "内分泌科",
      "消化内科",
      "肿瘤科",
      "神经外科",
      "呼吸内科",
      "泌尿外科",
      "妇科"
    ],
    "CT": true,
    "3.0T MRI": true,
    "DSA": true
  },
  {
    "名称": "苏州大学附属儿童医院",
    "等级": "三级",
    "类别": "专科医院",
    "性质": "公立医院",
    "区域": "工业园区",
    "地址": "钟南街92号",
    "电话": 80693588,
    "挂号时间": "7:15-16:00",
    "门诊时间": "7:45-11:00,13:00-16:00",
    "公交线路": "111路、209路、219路、528路、27路、100路、116路、168路",
    "地铁可达": true,
    "地铁线路": "地铁1号线钟南街站",
    "重点科室": [
      "肾内科",
      "血液科",
      "骨科",
      "心血管内科",
      "神经内科",
      "普外科",
      "内分泌科",
      "消化内科",
      "神经外科",
      "呼吸内科",
      "儿科",
      "泌尿外科"
    ],
    "CT": true,
    "3.0T MRI": true,
    "DSA": true
  },
  {
    "名称": "苏州市立医院(本部)",
    "等级": "三级",
    "类别": "综合医院",
    "性质": "公立医院",
    "区域": "姑苏区",
    "地址": "道前街26号",
    "电话": 69009090,
    "挂号时间": "7:30-11:30,12:30-16:30",
    "门诊时间": "8:00-12:00,13:00-17:00",
    "公交线路": "38路、40路、200路、308路、501路、511路、931路",
    "地铁可达": true,
    "地铁线路": "地铁1号线乐桥站",
    "重点科室": [
      "骨科",
      "神经内科",
      "内分泌科",
      "消化内科",
      "口腔科",
      "儿科"
    ],
    "CT": true,
    "3.0T MRI": true,
    "DSA": true
  },
  {
    "名称": "苏州市立医院(东区)",
    "等级": "三级",
    "类别": "综合医院",
    "性质": "公立医院",
    "区域": "姑苏区",
    "地址": "白塔西路16号",
    "电话": 62364155,
    "挂号时间": "7:30-11:30,12:30-16:30",
    "门诊时间": "8:00-12:00,13:00-17:00",
    "公交线路": "301路、305路",
    "地铁可达": false,
    "地铁线路": "",
    "重点科室": [
      "心血管内科",
      "骨科",
      "产科",
      "内分泌科",
      "肿瘤科",
      "消化内科",
      "泌尿外科",
      "妇科"
    ],
    "CT": true,
    "3.0T MRI": false,
    "DSA": true
  },
  {
    "名称": "苏州市立医院(北区)",
    "等级": "三级",
    "类别": "综合医院",
    "性质": "公立医院",
    "区域": "姑苏区",
    "地址": "广济路242号",
    "电话": 69009090,
    "挂号时间": "7:15-16:45",
    "门诊时间": "8:00-12:00,13:00-17:00",
    "公交线路": "7路、34路、44路、64路、85路、304路、315路、317路、318路、406路、415路、442路、522路、816路、921路、949路",
    "地铁可达": true,
    "地铁线路": "地铁2号线山塘街站",
    "重点科室": [
      "烧伤科",
      "消化内科"
    ],
    "CT": true,
    "3.0T MRI": true,
    "DSA": true
  },
  {
    "名称": "苏州市中医医院",
    "等级": "三级",
    "类别": "专科医院",
    "性质": "公立医院",
    "区域": "姑苏区",
    "地址": "吴中西路889号",
    "电话": 65222220,
    "挂号时间": "7:00-11:00,12:00-16:30",
    "门诊时间": "8:00-11:30,13:30-17:00",
    "公交线路": "37路、47路、331路、900路、921路",
    "地铁可达": true,
    "地铁线路": "地铁3号线新郭站",
    "重点科室": [
      "肾内科",
      "心血管内科",
      "骨科",
      "肿瘤科",
      "呼吸内科",
      "泌尿外科",
      "妇科"
    ],
    "CT": true,
    "3.0T MRI": false,
    "DSA": true
  },
  {
    "名称": "苏州九龙医院",
    "等级": "三级",
    "类别": "综合医院",
    "性质": "民营医院",
    "区域": "工业园区",
    "地址": "万盛街118号",
    "电话": 62629999,
    "挂号时间": "7:30-11:30,12:30-16:30",
    "门诊时间": "8:00-12:00,13:00-17:00",
    "公交线路": "2路、47路、106路、206路、215路、258路、6路、108路、110路、116路、166路",
    "地铁可达": false,
    "地铁线路": "",
    "重点科室": [
      "心血管内科",
      "骨科",
      "肿瘤科",
      "神经外科",
      "口腔科",
      "儿科"
    ],
    "CT": true,
    "3.0T MRI": true,
    "DSA": true
  },
  {
    "名称": "苏州科技城医院",
    "等级": "三级",
    "类别": "综合医院",
    "性质": "公立医院",
    "区域": "高新区",
    "地址": "漓江路1号",
    "电话": 33322120,
    "挂号时间": "7:30-11:30,12:30-16:30",
    "门诊时间": "8:00-12:00,13:00-17:00",
    "公交线路": "852路、441路、363路、336路、330路、63路",
    "地铁可达": true,
    "地铁线路": "有轨电车1号线嘉陵江路站",
    "重点科室": [
      "泌尿外科",
      "肿瘤科",
      "神经外科",
      "消化内科"
    ],
    "CT": true,
    "3.0T MRI": true,
    "DSA": true
  },
  {
    "名称": "苏州市广济医院",
    "等级": "三级",
    "类别": "专科医院",
    "性质": "公立医院",
    "区域": "相城区",
    "地址": "广前路11号",
    "电话": 65331356,
    "挂号时间": "7:00-16:50",
    "门诊时间": "8:00-17:00",
    "公交线路": "801路、807路",
    "地铁可达": false,
    "地铁线路": "",
    "重点科室": [
      "精神心理科"
    ],
    "CT": true,
    "3.0T MRI": true,
    "DSA": false
  },
  {
    "名称": "苏州市中西医结合医院",
    "等级": "三级",
    "类别": "专科医院",
    "性质": "公立医院",
    "区域": "吴中区",
    "地址": "下沙塘39号",
    "电话": 66519100,
    "挂号时间": "7:45-11:45,13:30-16:45",
    "门诊时间": "8:00-12:00,13:30-16:45",
    "公交线路": "2路、43路、63路、64路、65路、312路、315路、326路、505路、506路、508路、511路、512路、621路、663路、691路、692路",
    "地铁可达": false,
    "地铁线路": "",
    "重点科室": [
      "心血管内科",
      "肾内科",
      "骨科",
      "肿瘤科",
      "神经外科",
      "肝病科",
      "呼吸内科"
    ],
    "CT": true,
    "3.0T MRI": false,
    "DSA": false
  },
  {
    "名称": "苏州市第五人民医院",
    "等级": "三级",
    "类别": "专科医院",
    "性质": "公立医院",
    "区域": "相城区",
    "地址": "广前路10号",
    "电话": 87806050,
    "挂号时间": "7:30-11:30,13:00-16:30",
    "门诊时间": "8:00-11:30,13:00-16:30",
    "公交线路": "801路、807路",
    "地铁可达": false,
    "地铁线路": "",
    "重点科室": [
      "肝病科",
      "皮肤科"
    ],
    "CT": true,
    "3.0T MRI": false,
    "DSA": false
  },
  {
    "名称": "苏州高新区人民医院",
    "等级": "二级",
    "类别": "综合医院",
    "性质": "公立医院",
    "区域": "高新区",
    "地址": "华山路95号",
    "电话": 66612006,
    "挂号时间": "7:15-11:20,13:00-16:45",
    "门诊时间": "7:45-11:30,13:30-17:00",
    "公交线路": "44路、301路、302路、325路、332路、357路、442路",
    "地铁可达": true,
    "地铁线路": "地铁3号线西津桥站",
    "重点科室": [
      "心血管内科",
      "眼科",
      "妇科"
    ],
    "CT": true,
    "3.0T MRI": false,
    "DSA": false
  },
  {
    "名称": "苏州市吴中人民医院",
    "等级": "二级",
    "类别": "综合医院",
    "性质": "公立医院",
    "区域": "吴中区",
    "地址": "东吴北路61号",
    "电话": 33333600,
    "挂号时间": "7:45-11:45,12:30-16:45",
    "门诊时间": "8:00-12:00,13:00-17:00",
    "公交线路": "1路、3路、5路、55路、58路、62路、309路、318路、503路、513路、522路、553路、932路",
    "地铁可达": true,
    "地铁线路": "地铁3号线宝带路站",
    "重点科室": [
      "妇科",
      "儿科",
      "消化内科",
      "皮肤科"
    ],
    "CT": true,
    "3.0T MRI": false,
    "DSA": false
  },
  {
    "名称": "苏州市相城人民医院",
    "等级": "二级",
    "类别": "综合医院",
    "性质": "公立医院",
    "区域": "相城区",
    "地址": "华元路1060号",
    "电话": 69571800,
    "挂号时间": "7:45-11:00,13:00-16:30",
    "门诊时间": "7:45-11:00,13:00-16:30",
    "公交线路": "5路、7路、809路、814路、839路、878路",
    "地铁可达": true,
    "地铁线路": "地铁2号线徐图港站",
    "重点科室": [
      "神经外科",
      "骨科"
    ],
    "CT": true,
    "3.0T MRI": false,
    "DSA": true
  },
  {
    "名称": "苏州大学附属理想眼科医院",
    "等级": "三级",
    "类别": "专科医院",
    "性质": "民营医院",
    "区域": "姑苏区",
    "地址": "干将东路200号",
    "电话": 33333333,
    "挂号时间": "7:30-17:30",
    "门诊时间": "7:45-17:45",
    "公交线路": "2路、9路、32路、40路、60路、89路、112路、146路、178路、200路、202路、261路、307路、900路、923路、980路",
    "地铁可达": true,
    "地铁线路": "地铁1号线东环路站",
    "重点科室": [
      "眼科"
    ],
    "CT": false,
    "3.0T MRI": false,
    "DSA": false
  },
  {
    "名称": "苏州口腔医院",
    "等级": "二级",
    "类别": "专科医院",
    "性质": "民营医院",
    "区域": "姑苏区",
    "地址": "苏站路1366号",
    "电话": 69290908,
    "挂号时间": "7:30-12:00,13:00-17:30",
    "门诊时间": "8:00-12:00,13:30-17:30",
    "公交线路": "5路、33路、88路、101路、811路、812路、872路、876路",
    "地铁可达": true,
    "地铁线路": "地铁2号线平河路站",
    "重点科室": [
      "口腔科"
    ],
    "CT": true,
    "3.0T MRI": false,
    "DSA": false
  }
]