[
  {
    "名称": "苏州吴宫泛太平洋酒店",
    "区域": "姑苏区",
    "星级": "5",
    "价位": "偏贵",
    "酒店类型": "休闲度假",
    "房型": "大床房",
    "停车场": "免费",
    "房费": "592元",
    "地址": "苏州姑苏区新市路259号",
    "电话号码": "0512-65103388",
    "评分": 4.6
  },
  {
    "名称": "苏州吴宫泛太平洋酒店",
    "区域": "姑苏区",
    "星级": "5",
    "价位": "偏贵",
    "酒店类型": "休闲度假",
    "房型": "标准间",
    "停车场": "免费",
    "房费": "592元",
    "地址": "苏州姑苏区新市路259号",
    "电话号码": "0512-65103388",
    "评分": 4.6
  },
  {
    "名称": "苏州金陵南林饭店",
    "区域": "姑苏区",
    "星级": "4",
    "价位": "中等",
    "酒店类型": "休闲度假",
    "房型": "大床房",
    "停车场": "免费",
    "房费": "438元",
    "地址": "苏州姑苏区十全街滚绣坊20号",
    "电话号码": "0512-68017888",
    "评分": 4.7
  },
  {
    "名称": "苏州金陵南林饭店",
    "区域": "姑苏区",
    "星级": "4",
    "价位": "中等",
    "酒店类型": "休闲度假",
    "房型": "标准间",
    "停车场": "免费",
    "房费": "389元",
    "地址": "苏州姑苏区十全街滚绣坊20号",
    "电话号码": "0512-68017888",
    "评分": 4.7
  },
  {
    "名称": "苏州慢享主题酒店",
    "区域": "姑苏区",
    "星级": "3",
    "价位": "中等",
    "酒店类型": "商务出行",
    "房型": "大床房",
    "停车场": "收费",
    "房费": "266元",
    "地址": "苏州姑苏区景德路26-64号",
    "电话号码": "0512-67570999",
    "评分": 4.7
  },
  {
    "名称": "苏州慢享主题酒店",
    "区域": "姑苏区",
    "星级": "3",
    "价位": "中等",
    "酒店类型": "商务出行",
    "房型": "标准间",
    "停车场": "收费",
    "房费": "278元",
    "地址": "苏州姑苏区景德路26-64号",
    "电话号码": "0512-67570999",
    "评分": 4.7
  },
  {
    "名称": "速8酒店",
    "区域": "姑苏区",
    "星级": "2",
    "价位": "便宜",
    "酒店类型": "商务出行",
    "房型": "大床房",
    "停车场": "免费",
    "房费": "238元",
    "地址": "苏州姑苏区娄门路318号",
    "电话号码": "0512-67729999",
    "评分": 4.5
  },
  {
    "名称": "速8酒店",
    "区域": "姑苏区",
    "星级": "2",
    "价位": "便宜",
    "酒店类型": "商务出行",
    "房型": "标准间",
    "停车场": "免费",
    "房费": "238元",
    "地址": "苏州姑苏区娄门路318号",
    "电话号码": "0512-67729999",
    "评分": 4.5
  },
  {
    "名称": "苏州永顺快捷酒店",
    "区域": "姑苏区",
    "星级": "1",
    "价位": "便宜",
    "酒店类型": "商务出行",
    "房型": "大床房",
    "停车场": "收费",
    "房费": "126元",
    "地址": "苏州姑苏区凤凰街246号",
    "电话号码": "0512-65222229",
    "评分": 4.4
  },
  {
    "名称": "苏州永顺快捷酒店",
    "区域": "姑苏区",
    "星级": "1",
    "价位": "便宜",
    "酒店类型": "商务出行",
    "房型": "标准间",
    "停车场": "收费",
    "房费": "131元",
    "地址": "苏州姑苏区凤凰街246号",
    "电话号码": "0512-65222229",
    "评分": 4.4
  },
  {
    "名称": "苏州新城花园丽呈华廷酒店",
    "区域": "高新区",
    "星级": "5",
    "价位": "偏贵",
    "酒店类型": "休闲度假",
    "房型": "大床房",
    "停车场": "免费",
    "房费": "919元",
    "地址": "苏州高新区狮山路1号",
    "电话号码": "0512-68182888",
    "评分": 4.8
  },
  {
    "名称": "苏州新城花园丽呈华廷酒店",
    "区域": "高新区",
    "星级": "5",
    "价位": "偏贵",
    "酒店类型": "休闲度假",
    "房型": "标准间",
    "停车场": "免费",
    "房费": "1019元",
    "地址": "苏州高新区狮山路1号",
    "电话号码": "0512-68182888",
    "评分": 4.8
  },
  {
    "名称": "苏州科技城源宿酒店",
    "区域": "高新区",
    "星级": "4",
    "价位": "偏贵",
    "酒店类型": "休闲度假",
    "房型": "大床房",
    "停车场": "免费",
    "房费": "636元",
    "地址": "苏州高新区武夷山路77号",
    "电话号码": "0512-88168888",
    "评分": 4.7
  },
  {
    "名称": "苏州科技城源宿酒店",
    "区域": "高新区",
    "星级": "4",
    "价位": "偏贵",
    "酒店类型": "休闲度假",
    "房型": "标准间",
    "停车场": "免费",
    "房费": "636元",
    "地址": "苏州高新区武夷山路77号",
    "电话号码": "0512-88168888",
    "评分": 4.7
  },
  {
    "名称": "美锦酒店",
    "区域": "高新区",
    "星级": "3",
    "价位": "中等",
    "酒店类型": "商务出行",
    "房型": "大床房",
    "停车场": "免费",
    "房费": "308元",
    "地址": "苏州高新区滨河路999号花样年喜年生活广场5栋1层",
    "电话号码": "0512-66053331",
    "评分": 4.8
  },
  {
    "名称": "美锦酒店",
    "区域": "高新区",
    "星级": "3",
    "价位": "中等",
    "酒店类型": "商务出行",
    "房型": "标准间",
    "停车场": "免费",
    "房费": "349元",
    "地址": "苏州高新区滨河路999号花样年喜年生活广场5栋1层",
    "电话号码": "0512-66053331",
    "评分": 4.8
  },
  {
    "名称": "如家酒店",
    "区域": "高新区",
    "星级": "1",
    "价位": "便宜",
    "酒店类型": "商务出行",
    "房型": "大床房",
    "停车场": "免费",
    "房费": "188元",
    "地址": "苏州高新区马运路168号",
    "电话号码": "0512-68019666",
    "评分": 4.6
  },
  {
    "名称": "如家酒店",
    "区域": "高新区",
    "星级": "1",
    "价位": "便宜",
    "酒店类型": "商务出行",
    "房型": "标准间",
    "停车场": "免费",
    "房费": "188元",
    "地址": "苏州高新区马运路168号",
    "电话号码": "0512-68019666",
    "评分": 4.6
  },
  {
    "名称": "锦江之星",
    "区域": "高新区",
    "星级": "2",
    "价位": "便宜",
    "酒店类型": "商务出行",
    "房型": "大床房",
    "停车场": "免费",
    "房费": "208元",
    "地址": "苏州高新区塔园路338号",
    "电话号码": "0512-66620888",
    "评分": 4.5
  },
  {
    "名称": "锦江之星",
    "区域": "高新区",
    "星级": "2",
    "价位": "便宜",
    "酒店类型": "商务出行",
    "房型": "标准间",
    "停车场": "免费",
    "房费": "208元",
    "地址": "苏州高新区塔园路338号",
    "电话号码": "0512-66620888",
    "评分": 4.5
  },
  {
    "名称": "苏州金鸡湖新罗酒店",
    "区域": "工业园区",
    "星级": "5",
    "价位": "偏贵",
    "酒店类型": "休闲度假",
    "房型": "大床房",
    "停车场": "免费",
    "房费": "640元",
    "地址": "苏州工业园区旺墩路现代休闲广场",
    "电话号码": "0512-62968888",
    "评分": 4.6
  },
  {
    "名称": "苏州金鸡湖新罗酒店",
    "区域": "工业园区",
    "星级": "5",
    "价位": "偏贵",
    "酒店类型": "休闲度假",
    "房型": "标准间",
    "停车场": "免费",
    "房费": "640元",
    "地址": "苏州工业园区旺墩路现代休闲广场",
    "电话号码": "0512-62968888",
    "评分": 4.6
  },
  {
    "名称": "苏州金鸡湖李公堤瑞贝庭公寓酒店",
    "区域": "工业园区",
    "星级": "4",
    "价位": "中等",
    "酒店类型": "商务出行",
    "房型": "大床房",
    "停车场": "免费",
    "房费": "438元",
    "地址": "苏州工业园区李公堤三期E区商业街9幢",
    "电话号码": "0512-69995666",
    "评分": 4.6
  },
  {
    "名称": "苏州金鸡湖李公堤瑞贝庭公寓酒店",
    "区域": "工业园区",
    "星级": "4",
    "价位": "中等",
    "酒店类型": "商务出行",
    "房型": "标准间",
    "停车场": "免费",
    "房费": "438元",
    "地址": "苏州工业园区李公堤三期E区商业街9幢",
    "电话号码": "0512-69995666",
    "评分": 4.6
  },
  {
    "名称": "沃姆精品酒店",
    "区域": "工业园区",
    "星级": "3",
    "价位": "中等",
    "酒店类型": "休闲度假",
    "房型": "大床房",
    "停车场": "免费",
    "房费": "446元",
    "地址": "苏州工业园区水坊路36号李公堤南区星尚邻里1号楼",
    "电话号码": "0512-85883698",
    "评分": 4.7
  },
  {
    "名称": "沃姆精品酒店",
    "区域": "工业园区",
    "星级": "3",
    "价位": "中等",
    "酒店类型": "休闲度假",
    "房型": "标准间",
    "停车场": "免费",
    "房费": "463元",
    "地址": "苏州工业园区水坊路36号李公堤南区星尚邻里1号楼",
    "电话号码": "0512-85883698",
    "评分": 4.7
  },
  {
    "名称": "云顶之星连锁酒店",
    "区域": "工业园区",
    "星级": "1",
    "价位": "便宜",
    "酒店类型": "商务出行",
    "房型": "大床房",
    "停车场": "免费",
    "房费": "152元",
    "地址": "苏州工业园区苏州大道东288号",
    "电话号码": "0512-62726222",
    "评分": 4.2
  },
  {
    "名称": "云顶之星连锁酒店",
    "区域": "工业园区",
    "星级": "1",
    "价位": "便宜",
    "酒店类型": "商务出行",
    "房型": "标准间",
    "停车场": "免费",
    "房费": "152元",
    "地址": "苏州工业园区苏州大道东288号",
    "电话号码": "0512-62726222",
    "评分": 4.2
  },
  {
    "名称": "苏州途乐酒店公寓",
    "区域": "工业园区",
    "星级": "2",
    "价位": "中等",
    "酒店类型": "商务出行",
    "房型": "大床房",
    "停车场": "收费",
    "房费": "486元",
    "地址": "苏州工业园区苏州丰隆城市中心T1楼",
    "电话号码": "151-5149-7911",
    "评分": 4.6
  },
  {
    "名称": "苏州途乐酒店公寓",
    "区域": "工业园区",
    "星级": "2",
    "价位": "中等",
    "酒店类型": "商务出行",
    "房型": "标准间",
    "停车场": "收费",
    "房费": "486元",
    "地址": "苏州工业园区苏州丰隆城市中心T1楼",
    "电话号码": "151-5149-7911",
    "评分": 4.6
  },
  {
    "名称": "苏州太湖万豪酒店",
    "区域": "吴中区",
    "星级": "5",
    "价位": "偏贵",
    "酒店类型": "休闲度假",
    "房型": "大床房",
    "停车场": "免费",
    "房费": "1224元",
    "地址": "苏州吴中区太湖旅游度假区墅里路6号",
    "电话号码": "0512-65693333",
    "评分": 4.7
  },
  {
    "名称": "苏州太湖万豪酒店",
    "区域": "吴中区",
    "星级": "5",
    "价位": "偏贵",
    "酒店类型": "休闲度假",
    "房型": "标准间",
    "停车场": "免费",
    "房费": "1399元",
    "地址": "苏州吴中区太湖旅游度假区墅里路6号",
    "电话号码": "0512-65693333",
    "评分": 4.7
  },
  {
    "名称": "漫心苏州天平山酒店",
    "区域": "吴中区",
    "星级": "4",
    "价位": "中等",
    "酒店类型": "休闲度假",
    "房型": "大床房",
    "停车场": "免费",
    "房费": "460元",
    "地址": "苏州吴中区木渎镇灵天路699号",
    "电话号码": "0512-65696088",
    "评分": 4.7
  },
  {
    "名称": "漫心苏州天平山酒店",
    "区域": "吴中区",
    "星级": "4",
    "价位": "中等",
    "酒店类型": "休闲度假",
    "房型": "标准间",
    "停车场": "免费",
    "房费": "481元",
    "地址": "苏州吴中区木渎镇灵天路699号",
    "电话号码": "0512-65696088",
    "评分": 4.7
  },
  {
    "名称": "万悦酒店",
    "区域": "吴中区",
    "星级": "3",
    "价位": "中等",
    "酒店类型": "商务出行",
    "房型": "大床房",
    "停车场": "免费",
    "房费": "346元",
    "地址": "苏州吴中区金山路47-2号",
    "电话号码": "0512-83808380",
    "评分": 4.5
  },
  {
    "名称": "万悦酒店",
    "区域": "吴中区",
    "星级": "3",
    "价位": "中等",
    "酒店类型": "商务出行",
    "房型": "标准间",
    "停车场": "免费",
    "房费": "338元",
    "地址": "苏州吴中区金山路47-2号",
    "电话号码": "0512-83808380",
    "评分": 4.5
  },
  {
    "名称": "布丁酒店",
    "区域": "吴中区",
    "星级": "1",
    "价位": "便宜",
    "酒店类型": "商务出行",
    "房型": "大床房",
    "停车场": "免费",
    "房费": "99元",
    "地址": "苏州吴中区东吴南路198号",
    "电话号码": "0512-69385585",
    "评分": 4.1
  },
  {
    "名称": "布丁酒店",
    "区域": "吴中区",
    "星级": "1",
    "价位": "便宜",
    "酒店类型": "商务出行",
    "房型": "标准间",
    "停车场": "免费",
    "房费": "161元",
    "地址": "苏州吴中区东吴南路198号",
    "电话号码": "0512-69385585",
    "评分": 4.1
  },
  {
    "名称": "苏州城驿联号酒店",
    "区域": "吴中区",
    "星级": "2",
    "价位": "便宜",
    "酒店类型": "商务出行",
    "房型": "大床房",
    "停车场": "无",
    "房费": "148元",
    "地址": "苏州吴中区广建路67号汽车站",
    "电话号码": "0512-67079995",
    "评分": 4.6
  },
  {
    "名称": "苏州城驿联号酒店",
    "区域": "吴中区",
    "星级": "2",
    "价位": "便宜",
    "酒店类型": "商务出行",
    "房型": "标准间",
    "停车场": "无",
    "房费": "168元",
    "地址": "苏州吴中区广建路67号汽车站",
    "电话号码": "0512-67079995",
    "评分": 4.6
  },
  {
    "名称": "苏州黎里水岸寒舍精品酒店",
    "区域": "吴江",
    "星级": "5",
    "价位": "偏贵",
    "酒店类型": "商务出行",
    "房型": "大床房",
    "停车场": "免费",
    "房费": "629元",
    "地址": "苏州吴江区黎里镇南新街5-9号",
    "电话号码": "180-5181-5602",
    "评分": 4.6
  },
  {
    "名称": "苏州黎里水岸寒舍精品酒店",
    "区域": "吴江",
    "星级": "5",
    "价位": "偏贵",
    "酒店类型": "商务出行",
    "房型": "标准间",
    "停车场": "免费",
    "房费": "789元",
    "地址": "苏州吴江区黎里镇南新街5-9号",
    "电话号码": "180-5181-5602",
    "评分": 4.6
  },
  {
    "名称": "苏州水岸寒舍酒店",
    "区域": "吴江",
    "星级": "4",
    "价位": "偏贵",
    "酒店类型": "休闲度假",
    "房型": "大床房",
    "停车场": "免费",
    "房费": "1246元",
    "地址": "苏州吴江区震泽古镇宝塔街8号",
    "电话号码": "151-5172-4978",
    "评分": 4.8
  },
  {
    "名称": "苏州水岸寒舍酒店",
    "区域": "吴江",
    "星级": "4",
    "价位": "偏贵",
    "酒店类型": "休闲度假",
    "房型": "标准间",
    "停车场": "免费",
    "房费": "1286元",
    "地址": "苏州吴江区震泽古镇宝塔街8号",
    "电话号码": "151-5172-4978",
    "评分": 4.8
  },
  {
    "名称": "同里月上酒店",
    "区域": "吴江",
    "星级": "3",
    "价位": "中等",
    "酒店类型": "休闲度假",
    "房型": "大床房",
    "停车场": "收费",
    "房费": "328元",
    "地址": "苏州吴江区同里镇东溪街53号",
    "电话号码": "0512-63052900",
    "评分": 5.0
  },
  {
    "名称": "同里月上酒店",
    "区域": "吴江",
    "星级": "3",
    "价位": "中等",
    "酒店类型": "休闲度假",
    "房型": "标准间",
    "停车场": "收费",
    "房费": "458元",
    "地址": "苏州吴江区同里镇东溪街53号",
    "电话号码": "0512-63052900",
    "评分": 5.0
  },
  {
    "名称": "城市便捷酒店",
    "区域": "吴江",
    "星级": "2",
    "价位": "便宜",
    "酒店类型": "商务出行",
    "房型": "大床房",
    "停车场": "免费",
    "房费": "204元",
    "地址": "苏州吴江区松陵镇永康路199号",
    "电话号码": "0512-63661555",
    "评分": 4.7
  },
  {
    "名称": "城市便捷酒店",
    "区域": "吴江",
    "星级": "2",
    "价位": "便宜",
    "酒店类型": "商务出行",
    "房型": "标准间",
    "停车场": "免费",
    "房费": "221元",
    "地址": "苏州吴江区松陵镇永康路199号",
    "电话号码": "0512-63661555",
    "评分": 4.7
  },
  {
    "名称": "苏州明月快捷酒店",
    "区域": "吴江",
    "星级": "1",
    "价位": "便宜",
    "酒店类型": "商务出行",
    "房型": "大床房",
    "停车场": "免费",
    "房费": "155元",
    "地址": "苏州吴江区鲈乡南路2487号",
    "电话号码": "0512-63000168",
    "评分": 4.5
  },
  {
    "名称": "苏州明月快捷酒店",
    "区域": "吴江",
    "星级": "1",
    "价位": "便宜",
    "酒店类型": "商务出行",
    "房型": "标准间",
    "停车场": "免费",
    "房费": "171元",
    "地址": "苏州吴江区鲈乡南路2487号",
    "电话号码": "0512-63000168",
    "评分": 4.5
  },
  {
    "名称": "昆山托尼洛·兰博基尼酒店",
    "区域": "昆山",
    "星级": "5",
    "价位": "偏贵",
    "酒店类型": "休闲度假",
    "房型": "大床房",
    "停车场": "免费",
    "房费": "628元",
    "地址": "昆山中山路287号中茵世贸广场",
    "电话号码": "0512-57119999",
    "评分": 4.7
  },
  {
    "名称": "昆山托尼洛·兰博基尼酒店",
    "区域": "昆山",
    "星级": "5",
    "价位": "偏贵",
    "酒店类型": "休闲度假",
    "房型": "标准间",
    "停车场": "免费",
    "房费": "628元",
    "地址": "昆山中山路287号中茵世贸广场",
    "电话号码": "0512-57119999",
    "评分": 4.7
  },
  {
    "名称": "周庄南湖隐居度假庭院",
    "区域": "昆山",
    "星级": "4",
    "价位": "偏贵",
    "酒店类型": "休闲度假",
    "房型": "大床房",
    "停车场": "免费",
    "房费": "1300元",
    "地址": "昆山富贵景园1号",
    "电话号码": "0512-57205581",
    "评分": 4.7
  },
  {
    "名称": "周庄南湖隐居度假庭院",
    "区域": "昆山",
    "星级": "4",
    "价位": "偏贵",
    "酒店类型": "休闲度假",
    "房型": "标准间",
    "停车场": "免费",
    "房费": "1336元",
    "地址": "昆山富贵景园1号",
    "电话号码": "0512-57205581",
    "评分": 4.7
  },
  {
    "名称": "周庄多瓦台临河客栈",
    "区域": "昆山",
    "星级": "3",
    "价位": "中等",
    "酒店类型": "商务出行",
    "房型": "大床房",
    "停车场": "收费",
    "房费": "279元",
    "地址": "昆山周庄镇东浜村75号",
    "电话号码": "181-3619-1632",
    "评分": 4.8
  },
  {
    "名称": "周庄多瓦台临河客栈",
    "区域": "昆山",
    "星级": "3",
    "价位": "中等",
    "酒店类型": "商务出行",
    "房型": "标准间",
    "停车场": "收费",
    "房费": "279元",
    "地址": "昆山周庄镇东浜村75号",
    "电话号码": "181-3619-1632",
    "评分": 4.8
  },
  {
    "名称": "周庄隐江南徐家民宿",
    "区域": "昆山",
    "星级": "2",
    "价位": "便宜",
    "酒店类型": "休闲度假",
    "房型": "大床房",
    "停车场": "收费",
    "房费": "166元",
    "地址": "昆山周庄镇银子浜6号",
    "电话号码": "180-6809-6635",
    "评分": 4.9
  },
  {
    "名称": "周庄隐江南徐家民宿",
    "区域": "昆山",
    "星级": "2",
    "价位": "便宜",
    "酒店类型": "休闲度假",
    "房型": "标准间",
    "停车场": "收费",
    "房费": "166元",
    "地址": "昆山周庄镇银子浜6号",
    "电话号码": "180-6809-6635",
    "评分": 4.9
  },
  {
    "名称": "昆山云都商务宾馆",
    "区域": "昆山",
    "星级": "1",
    "价位": "便宜",
    "酒店类型": "商务出行",
    "房型": "大床房",
    "停车场": "无",
    "房费": "126元",
    "地址": "昆山嘉禾花园1号楼",
    "电话号码": "0512-57868877",
    "评分": 4.4
  },
  {
    "名称": "昆山云都商务宾馆",
    "区域": "昆山",
    "星级": "1",
    "价位": "便宜",
    "酒店类型": "商务出行",
    "房型": "标准间",
    "停车场": "无",
    "房费": "116元",
    "地址": "昆山嘉禾花园1号楼",
    "电话号码": "0512-57868877",
    "评分": 4.4
  },
  {
    "名称": "常熟中江广场皇冠假日酒店",
    "区域": "常熟",
    "星级": "5",
    "价位": "偏贵",
    "酒店类型": "休闲度假",
    "房型": "大床房",
    "停车场": "免费",
    "房费": "568元",
    "地址": "常熟开元大道6号",
    "电话号码": "0512-52729999",
    "评分": 4.6
  },
  {
    "名称": "常熟中江广场皇冠假日酒店",
    "区域": "常熟",
    "星级": "5",
    "价位": "偏贵",
    "酒店类型": "休闲度假",
    "房型": "标准间",
    "停车场": "免费",
    "房费": "568元",
    "地址": "常熟开元大道6号",
    "电话号码": "0512-52729999",
    "评分": 4.6
  },
  {
    "名称": "常熟长江路亚朵酒店",
    "区域": "常熟",
    "星级": "4",
    "价位": "中等",
    "酒店类型": "商务出行",
    "房型": "大床房",
    "停车场": "免费",
    "房费": "312元",
    "地址": "常熟长江路268号",
    "电话号码": "0512-51661666",
    "评分": 4.8
  },
  {
    "名称": "常熟长江路亚朵酒店",
    "区域": "常熟",
    "星级": "4",
    "价位": "中等",
    "酒店类型": "商务出行",
    "房型": "标准间",
    "停车场": "免费",
    "房费": "312元",
    "地址": "常熟长江路268号",
    "电话号码": "0512-51661666",
    "评分": 4.8
  },
  {
    "名称": "维也纳酒店",
    "区域": "常熟",
    "星级": "3",
    "价位": "中等",
    "酒店类型": "商务出行",
    "房型": "大床房",
    "停车场": "免费",
    "房费": "322元",
    "地址": "常熟碧溪镇金港路8号",
    "电话号码": "0512-52018188",
    "评分": 4.8
  },
  {
    "名称": "维也纳酒店",
    "区域": "常熟",
    "星级": "3",
    "价位": "中等",
    "酒店类型": "商务出行",
    "房型": "标准间",
    "停车场": "免费",
    "房费": "340元",
    "地址": "常熟碧溪镇金港路8号",
    "电话号码": "0512-52018188",
    "评分": 4.8
  },
  {
    "名称": "常熟颐文阁酒店",
    "区域": "常熟",
    "星级": "2",
    "价位": "便宜",
    "酒店类型": "商务出行",
    "房型": "大床房",
    "停车场": "免费",
    "房费": "208元",
    "地址": "常熟碧溪新区龙溪北路7号",
    "电话号码": "0512-52995885",
    "评分": 4.4
  },
  {
    "名称": "常熟颐文阁酒店",
    "区域": "常熟",
    "星级": "2",
    "价位": "便宜",
    "酒店类型": "商务出行",
    "房型": "标准间",
    "停车场": "免费",
    "房费": "208元",
    "地址": "常熟碧溪新区龙溪北路7号",
    "电话号码": "0512-52995885",
    "评分": 4.4
  },
  {
    "名称": "常熟有意思连锁酒店",
    "区域": "常熟",
    "星级": "1",
    "价位": "便宜",
    "酒店类型": "商务出行",
    "房型": "大床房",
    "停车场": "免费",
    "房费": "70元",
    "地址": "常熟红旗北路12号",
    "电话号码": "0512-81561588",
    "评分": 4.4
  },
  {
    "名称": "常熟有意思连锁酒店",
    "区域": "常熟",
    "星级": "1",
    "价位": "便宜",
    "酒店类型": "商务出行",
    "房型": "标准间",
    "停车场": "免费",
    "房费": "70元",
    "地址": "常熟红旗北路12号",
    "电话号码": "0512-81561588",
    "评分": 4.4
  }
]