[
  {
    "制片国家/地区": "中国台湾",
    "类型": "爱情片",
    "年代": "2010年代",
    "主演": "柯震东",
    "导演": "九把刀",
    "片名": "那些年，我们一起追的女孩",
    "主演名单": "柯震东 / 陈妍希 / 敖犬 / 郝劭文",
    "具体上映时间": "2011-08-19(中国台湾) / 2012-01-06(中国大陆)",
    "片长": "100分钟",
    "豆瓣评分": 9.1
  },
  {
    "制片国家/地区": "中国台湾",
    "类型": "爱情片",
    "年代": "2000年代",
    "主演": "周杰伦",
    "导演": "周杰伦",
    "片名": "不能说的秘密",
    "主演名单": "周杰伦 / 桂纶镁 / 黄秋生 / 苏明明",
    "具体上映时间": "2007-07-27(中国台湾) / 2007-07-31(中国大陆)",
    "片长": "101分钟",
    "豆瓣评分": 7.8
  },
  {
    "制片国家/地区": "中国台湾",
    "类型": "爱情片",
    "年代": "90年代",
    "主演": "张国荣",
    "导演": "王家卫",
    "片名": "东邪西毒",
    "主演名单": "张国荣 / 林青霞 / 梁朝伟 / 张学友 ",
    "具体上映时间": "1994-09-17(中国大陆) / 1994-09-12(威尼斯电影节)",
    "片长": "100分钟",
    "豆瓣评分": 8.6
  },
  {
    "制片国家/地区": "中国台湾",
    "类型": "爱情片",
    "年代": "80年代",
    "主演": "林青霞",
    "导演": "刘立立",
    "片名": "金盏花",
    "主演名单": "林青霞 / 秦汉 / 马永霖",
    "具体上映时间": "1980-03-29(中国台湾)",
    "片长": "96分钟",
    "豆瓣评分": 6.9
  },
  {
    "制片国家/地区": "中国台湾",
    "类型": "爱情片",
    "年代": "70年代",
    "主演": "林青霞",
    "导演": "刘立立",
    "片名": "一颗红豆",
    "主演名单": "林青霞 / 秦汉 / 马永霖",
    "具体上映时间": "1979-01-28(中国台湾)",
    "片长": "97分钟",
    "豆瓣评分": 6.7
  },
  {
    "制片国家/地区": "中国台湾",
    "类型": "喜剧片",
    "年代": "2010年代",
    "主演": "周杰伦",
    "导演": "周杰伦",
    "片名": "天台爱情",
    "主演名单": "周杰伦 / 王学圻 / 曾志伟 / 柯有伦",
    "具体上映时间": "2013-07-11(中国大陆/中国台湾)",
    "片长": "117分钟",
    "豆瓣评分": 6.7
  },
  {
    "制片国家/地区": "中国台湾",
    "类型": "喜剧片",
    "年代": "2000年代",
    "主演": "周杰伦",
    "导演": "朱延平",
    "片名": "大灌篮",
    "主演名单": "周杰伦 / 陈柏霖 / 陈楚河 / 蔡卓妍",
    "具体上映时间": "2008-02-07(中国香港/中国台湾)",
    "片长": "99分钟",
    "豆瓣评分": 5.4
  },
  {
    "制片国家/地区": "中国台湾",
    "类型": "喜剧片",
    "年代": "90年代",
    "主演": "吴宗宪",
    "导演": "朱延平",
    "片名": "狗蛋大兵",
    "主演名单": "吴宗宪 / 翁虹 / 吴奇隆 / 郝劭文",
    "具体上映时间": "1996-12-28(中国台湾)",
    "片长": "90分钟",
    "豆瓣评分": 7.7
  },
  {
    "制片国家/地区": "中国台湾",
    "类型": "喜剧片",
    "年代": "80年代",
    "主演": "禚宏顺",
    "导演": "朱延平",
    "片名": "好小子",
    "主演名单": "颜正国 / 左孝虎 / 陈崇荣 / 陈慧楼",
    "具体上映时间": "1986-03-28(中国台湾)",
    "片长": "110分钟",
    "豆瓣评分": 8.0
  },
  {
    "制片国家/地区": "中国台湾",
    "类型": "喜剧片",
    "年代": "70年代",
    "主演": "甄珍",
    "导演": "李翰祥",
    "片名": "骗术奇谭",
    "主演名单": "甄珍 / 谢贤 / 胡锦",
    "具体上映时间": "1971-06-05(中国香港)",
    "片长": "82分钟",
    "豆瓣评分": 7.0
  },
  {
    "制片国家/地区": "中国台湾",
    "类型": "恐怖片",
    "年代": "2010年代",
    "主演": "吴慷仁",
    "导演": "谢庭菡",
    "片名": "尸忆",
    "主演名单": "吴慷仁 / 谢欣颖 / 田中千绘 / 严正岚",
    "具体上映时间": "2015-08-20(中国台湾)",
    "片长": "89分钟",
    "豆瓣评分": 6.9
  },
  {
    "制片国家/地区": "中国台湾",
    "类型": "恐怖片",
    "年代": "2000年代",
    "主演": "梁家辉",
    "导演": "陈国富",
    "片名": "双瞳",
    "主演名单": "梁家辉 / 刘若英 / 戴立忍",
    "具体上映时间": "2002-10-25(中国台湾)",
    "片长": "113分钟",
    "豆瓣评分": 7.5
  },
  {
    "制片国家/地区": "中国台湾",
    "类型": "恐怖片",
    "年代": "90年代",
    "主演": "林正英",
    "导演": "午马",
    "片名": "驱魔道长",
    "主演名单": "林正英 / 午马 / 邹兆龙 / 陈佳君",
    "具体上映时间": "1993(中国台湾)",
    "片长": "91分钟",
    "豆瓣评分": 7.0
  },
  {
    "制片国家/地区": "中国台湾",
    "类型": "恐怖片",
    "年代": "80年代",
    "主演": "胡茵梦",
    "导演": "王菊金",
    "片名": "六朝怪谈",
    "主演名单": "胡茵梦 / 管管 / 韩江",
    "具体上映时间": "1980-01-09(中国台湾)",
    "片长": "90分钟",
    "豆瓣评分": 7.2
  },
  {
    "制片国家/地区": "中国台湾",
    "类型": "恐怖片",
    "年代": "70年代",
    "主演": "秦梦",
    "导演": "姚凤磐",
    "片名": "秋灯夜雨",
    "主演名单": "秦梦 / 岳阳 / 金铃子 / 高幸枝",
    "具体上映时间": "1974-09-12(中国台湾)",
    "片长": "101分钟",
    "豆瓣评分": 7.1
  },
  {
    "制片国家/地区": "中国台湾",
    "类型": "科幻片",
    "年代": "2010年代",
    "主演": "陈柏霖",
    "导演": "林世勇",
    "片名": "骇战",
    "主演名单": "陈柏霖 / 陈意涵 / 修杰楷 / 郭雪芙",
    "具体上映时间": "2012-08-17(中国台湾) / 2013-03-14(中国大陆)",
    "片长": "105分钟",
    "豆瓣评分": 6.1
  },
  {
    "制片国家/地区": "中国台湾",
    "类型": "科幻片",
    "年代": "2000年代",
    "主演": "张震",
    "导演": "苏照彬",
    "片名": "诡丝",
    "主演名单": "张震 / 林嘉欣 / 江口洋介 / 徐熙媛",
    "具体上映时间": "2006-09-29(中国台湾)",
    "片长": "108分钟",
    "豆瓣评分": 7.1
  },
  {
    "制片国家/地区": "中国台湾",
    "类型": "动作片",
    "年代": "2010年代",
    "主演": "赵又廷",
    "导演": "钮承泽",
    "片名": "艋舺",
    "主演名单": "赵又廷 / 阮经天 / 凤小岳 / 黄镫辉",
    "具体上映时间": "2010-2-5(中国台湾)",
    "片长": "140分钟",
    "豆瓣评分": 7.7
  },
  {
    "制片国家/地区": "中国台湾",
    "类型": "动作片",
    "年代": "2000年代",
    "主演": "杨祐宁",
    "导演": "陈映蓉",
    "片名": "国士无双",
    "主演名单": "杨祐宁 / 天心 / 金勤 / 李振冬",
    "具体上映时间": "2006/3/24(中国台湾)",
    "片长": "120分钟",
    "豆瓣评分": 7.3
  },
  {
    "制片国家/地区": "中国台湾",
    "类型": "动作片",
    "年代": "90年代",
    "主演": "成龙",
    "导演": "朱延平",
    "片名": "火烧岛",
    "主演名单": "成龙 / 刘德华 / 洪金宝 / 梁家辉",
    "具体上映时间": "1991-08-01(中国台湾)",
    "片长": "125分钟",
    "豆瓣评分": 6.7
  },
  {
    "制片国家/地区": "中国台湾",
    "类型": "动作片",
    "年代": "80年代",
    "主演": "狄龙",
    "导演": "张彻",
    "片名": "上海滩十三太保",
    "主演名单": "狄龙 / 姜大卫 / 梁家仁 / 王羽",
    "具体上映时间": "1984-03-02(中国台湾)",
    "片长": "90分钟",
    "豆瓣评分": 7.5
  },
  {
    "制片国家/地区": "中国台湾",
    "类型": "动作片",
    "年代": "70年代",
    "主演": "甄珍",
    "导演": "白景瑞",
    "片名": "喜怒哀乐",
    "主演名单": "甄珍 / 岳阳 / 张美瑶 / 李丽华",
    "具体上映时间": "1970-10-09(中国台湾)",
    "片长": "144分钟",
    "豆瓣评分": 7.9
  },
  {
    "制片国家/地区": "中国香港",
    "类型": "爱情片",
    "年代": "2010年代",
    "主演": "杨千嬅",
    "导演": "彭浩翔",
    "片名": "志明与春娇",
    "主演名单": "杨千嬅 / 余文乐 / 黄德斌 / 陈逸宁",
    "具体上映时间": "2010-03-25(中国香港) / 2010-06-18(中国大陆)",
    "片长": "104分钟",
    "豆瓣评分": 7.9
  },
  {
    "制片国家/地区": "中国香港",
    "类型": "爱情片",
    "年代": "2000年代",
    "主演": "梁朝伟",
    "导演": "王家卫",
    "片名": "花样年华",
    "主演名单": "梁朝伟 / 张曼玉 / 潘迪华 / 萧炳林",
    "具体上映时间": "2000-09-29(中国香港)",
    "片长": "98分钟",
    "豆瓣评分": 8.6
  },
  {
    "制片国家/地区": "中国香港",
    "类型": "爱情片",
    "年代": "90年代",
    "主演": "张国荣",
    "导演": "陈凯歌",
    "片名": "霸王别姬",
    "主演名单": "张国荣 / 张丰毅 / 巩俐 / 葛优",
    "具体上映时间": "1993-01-01(中国香港) / 1993-07-26(中国大陆)",
    "片长": "171分钟",
    "豆瓣评分": 9.6
  },
  {
    "制片国家/地区": "中国香港",
    "类型": "爱情片",
    "年代": "80年代",
    "主演": "张国荣",
    "导演": "程小东",
    "片名": "倩女幽魂",
    "主演名单": "张国荣 / 王祖贤 / 午马 / 刘兆铭",
    "具体上映时间": "1987-07-18(中国香港) / 2011-04-30(中国大陆)",
    "片长": "98分钟",
    "豆瓣评分": 8.7
  },
  {
    "制片国家/地区": "中国香港",
    "类型": "爱情片",
    "年代": "70年代",
    "主演": "林青霞",
    "导演": "李翰祥",
    "片名": "金玉良缘红楼梦",
    "主演名单": "林青霞 / 张艾嘉 / 狄波拉 / 米雪",
    "具体上映时间": "1977-10-26(中国香港)",
    "片长": "108分钟",
    "豆瓣评分": 7.4
  },
  {
    "制片国家/地区": "中国香港",
    "类型": "喜剧片",
    "年代": "2010年代",
    "主演": "杜汶泽",
    "导演": "陈庆嘉",
    "片名": "人间喜剧",
    "主演名单": "杜汶泽 / 王祖蓝 / 薛凯琪 / 罗凯珊",
    "具体上映时间": "2010-7-8(中国香港)",
    "片长": "100分钟",
    "豆瓣评分": 7.5
  },
  {
    "制片国家/地区": "中国香港",
    "类型": "喜剧片",
    "年代": "2000年代",
    "主演": "周星驰",
    "导演": "周星驰",
    "片名": "功夫",
    "主演名单": "周星驰 / 元秋 / 元华 / 黄圣依",
    "具体上映时间": "2004-12-23(中国大陆/中国香港)",
    "片长": "95分钟",
    "豆瓣评分": 8.5
  },
  {
    "制片国家/地区": "中国香港",
    "类型": "喜剧片",
    "年代": "90年代",
    "主演": "周星驰",
    "导演": "周星驰",
    "片名": "喜剧之王",
    "主演名单": "周星驰 / 张柏芝 / 莫文蔚 / 吴孟达",
    "具体上映时间": "1999-02-13(中国香港)",
    "片长": "85分钟",
    "豆瓣评分": 8.7
  },
  {
    "制片国家/地区": "中国香港",
    "类型": "喜剧片",
    "年代": "80年代",
    "主演": "周润发",
    "导演": "王晶",
    "片名": "赌神",
    "主演名单": "周润发 / 刘德华 / 王祖贤 / 张敏",
    "具体上映时间": "1989-12-14(中国香港)",
    "片长": "126分钟",
    "豆瓣评分": 8.3
  },
  {
    "制片国家/地区": "中国香港",
    "类型": "喜剧片",
    "年代": "70年代",
    "主演": "李小龙",
    "导演": "李小龙",
    "片名": "猛龙过江",
    "主演名单": "李小龙 / 苗可秀 / 罗礼士",
    "具体上映时间": "1972-12-30(中国香港)",
    "片长": "100分钟",
    "豆瓣评分": 8.3
  },
  {
    "制片国家/地区": "中国香港",
    "类型": "恐怖片",
    "年代": "2010年代",
    "主演": "钱小豪",
    "导演": "麦浚龙",
    "片名": "僵尸",
    "主演名单": "钱小豪 / 惠英红 / 鲍起静 / 陈友",
    "具体上映时间": "2013-10-24(中国香港)",
    "片长": "103分钟",
    "豆瓣评分": 7.8
  },
  {
    "制片国家/地区": "中国香港",
    "类型": "恐怖片",
    "年代": "2000年代",
    "主演": "张国荣",
    "导演": "罗志良",
    "片名": "异度空间",
    "主演名单": "张国荣 / 林嘉欣 / 李子雄 / 周嘉玲",
    "具体上映时间": "2002-03-28(中国香港) / 2005-03-25(中国大陆)",
    "片长": "100分钟",
    "豆瓣评分": 7.4
  },
  {
    "制片国家/地区": "中国香港",
    "类型": "恐怖片",
    "年代": "90年代",
    "主演": "林正英",
    "导演": "刘伟强",
    "片名": "僵尸至尊",
    "主演名单": "林正英 / 钱小豪 / 吴家丽 / 刘洵",
    "具体上映时间": "1991-01-01(中国香港)",
    "片长": "88分钟",
    "豆瓣评分": 7.8
  },
  {
    "制片国家/地区": "中国香港",
    "类型": "恐怖片",
    "年代": "80年代",
    "主演": "午马",
    "导演": "刘观伟",
    "片名": "僵尸叔叔",
    "主演名单": "午马 / 钱嘉乐 / 李丽珍 / 陈友",
    "具体上映时间": "1988-12-22(中国香港)",
    "片长": "96分钟",
    "豆瓣评分": 7.8
  },
  {
    "制片国家/地区": "中国香港",
    "类型": "恐怖片",
    "年代": "70年代",
    "主演": "林青霞",
    "导演": "宋存寿",
    "片名": "古镜幽魂",
    "主演名单": "林青霞 / 石隽 / 庹宗华 / 顾文宗",
    "具体上映时间": "1974-10-05(中国香港)",
    "片长": "92分钟",
    "豆瓣评分": 6.9
  },
  {
    "制片国家/地区": "中国香港",
    "类型": "动作片",
    "年代": "2010年代",
    "主演": "甄子丹",
    "导演": "王晶",
    "片名": "追龙",
    "主演名单": "甄子丹 / 刘德华 / 姜皓文 / 郑则仕",
    "具体上映时间": "2017-09-30(中国大陆)",
    "片长": "128分钟",
    "豆瓣评分": 7.2
  },
  {
    "制片国家/地区": "中国香港",
    "类型": "动作片",
    "年代": "2000年代",
    "主演": "周星驰",
    "导演": "周星驰",
    "片名": "少林足球",
    "主演名单": "周星驰 / 赵薇 / 吴孟达 / 谢贤",
    "具体上映时间": "2001-07-12(中国香港)",
    "片长": "102分钟",
    "豆瓣评分": 7.8
  },
  {
    "制片国家/地区": "中国香港",
    "类型": "动作片",
    "年代": "90年代",
    "主演": "周星驰",
    "导演": "陈嘉上",
    "片名": "武状元苏乞儿",
    "主演名单": "周星驰 / 张敏 / 吴孟达 / 徐少强",
    "具体上映时间": "1992-12-17(中国香港)",
    "片长": "101分钟",
    "豆瓣评分": 7.8
  },
  {
    "制片国家/地区": "中国香港",
    "类型": "动作片",
    "年代": "80年代",
    "主演": "周润发",
    "导演": "吴宇森",
    "片名": "英雄本色",
    "主演名单": "周润发 / 狄龙 / 张国荣 / 朱宝意",
    "具体上映时间": "1986-08-02(中国香港) / 2017-11-17(中国大陆)",
    "片长": "95分钟",
    "豆瓣评分": 8.7
  },
  {
    "制片国家/地区": "中国香港",
    "类型": "动作片",
    "年代": "70年代",
    "主演": "李小龙",
    "导演": "罗维",
    "片名": "精武门",
    "主演名单": "李小龙 / 苗可秀 / 田俊 / 田丰",
    "具体上映时间": "1972-03-22(中国香港)",
    "片长": "102分钟",
    "豆瓣评分": 8.5
  },
  {
    "制片国家/地区": "中国香港",
    "类型": "科幻片",
    "年代": "2010年代",
    "主演": "吴彦祖",
    "导演": "毕国智",
    "片名": "控制",
    "主演名单": "吴彦祖 / 姚晨 / 任达华 / 戴立忍",
    "具体上映时间": "2013-11-22(中国大陆)",
    "片长": "92分钟",
    "豆瓣评分": 5.8
  },
  {
    "制片国家/地区": "中国香港",
    "类型": "科幻片",
    "年代": "2000年代",
    "主演": "郑伊健",
    "导演": "刘镇伟",
    "片名": "无限复活",
    "主演名单": "郑伊健 / 张柏芝 / 关继威 / 活丽明",
    "具体上映时间": "2002-01-11(中国香港)",
    "片长": "99分钟",
    "豆瓣评分": 7.0
  },
  {
    "制片国家/地区": "中国香港",
    "类型": "科幻片",
    "年代": "90年代",
    "主演": "周星驰",
    "导演": "叶伟民",
    "片名": "百变星君",
    "主演名单": "周星驰 / 吴孟达 / 梁咏琪 / 孙佳君",
    "具体上映时间": "1995-08-19(中国香港)",
    "片长": "92分钟",
    "豆瓣评分": 7.6
  },
  {
    "制片国家/地区": "中国大陆",
    "类型": "爱情片",
    "年代": "2010年代",
    "主演": "周冬雨",
    "导演": "曾国祥",
    "片名": "少年的你",
    "主演名单": "周冬雨 / 易烊千玺 / 尹昉 / 周也",
    "具体上映时间": "2019-10-25(中国大陆)",
    "片长": "135分钟",
    "豆瓣评分": 8.3
  },
  {
    "制片国家/地区": "中国大陆",
    "类型": "爱情片",
    "年代": "2000年代",
    "主演": "梁朝伟",
    "导演": "李安",
    "片名": "色戒",
    "主演名单": "梁朝伟 / 汤唯 / 陈冲 / 王力宏",
    "具体上映时间": "2007-11-01(中国大陆)",
    "片长": "145分钟",
    "豆瓣评分": 8.4
  },
  {
    "制片国家/地区": "中国大陆",
    "类型": "爱情片",
    "年代": "90年代",
    "主演": "张国荣",
    "导演": "陈凯歌",
    "片名": "霸王别姬",
    "主演名单": "张国荣 / 张丰毅 / 巩俐 / 葛优",
    "具体上映时间": "1993-01-01(中国香港) / 1993-07-26(中国大陆)",
    "片长": "171分钟",
    "豆瓣评分": 9.6
  },
  {
    "制片国家/地区": "中国大陆",
    "类型": "爱情片",
    "年代": "80年代",
    "主演": "姜文",
    "导演": "张艺谋",
    "片名": "红高粱",
    "主演名单": "姜文 / 巩俐 / 滕汝骏 / 钱明",
    "具体上映时间": "1988-10-10(中国大陆)",
    "片长": "91分钟",
    "豆瓣评分": 8.4
  },
  {
    "制片国家/地区": "中国大陆",
    "类型": "喜剧片",
    "年代": "2010年代",
    "主演": "徐峥",
    "导演": "文牧野",
    "片名": "我不是药神",
    "主演名单": "徐峥 / 王传君 / 周一围 / 谭卓",
    "具体上映时间": "2018-07-05(中国大陆)",
    "片长": "117分钟",
    "豆瓣评分": 9.0
  },
  {
    "制片国家/地区": "中国大陆",
    "类型": "喜剧片",
    "年代": "2000年代",
    "主演": "郭涛",
    "导演": "宁浩",
    "片名": "疯狂的石头",
    "主演名单": "郭涛 / 刘桦 / 连晋 / 黄渤",
    "具体上映时间": "2006-06-30(中国大陆) / 2006-08-10(中国香港)",
    "片长": "98分钟",
    "豆瓣评分": 8.4
  },
  {
    "制片国家/地区": "中国大陆",
    "类型": "喜剧片",
    "年代": "90年代",
    "主演": "葛优",
    "导演": "冯小刚",
    "片名": "甲方乙方",
    "主演名单": "葛优 / 刘蓓 / 何冰 / 冯小刚",
    "具体上映时间": "1997-12-24(中国大陆)",
    "片长": "90分钟",
    "豆瓣评分": 8.3
  },
  {
    "制片国家/地区": "中国大陆",
    "类型": "喜剧片",
    "年代": "80年代",
    "主演": "张国立",
    "导演": "米家山",
    "片名": "顽主",
    "主演名单": "张国立 / 葛优 / 梁天 / 潘虹",
    "具体上映时间": "1988(中国大陆)",
    "片长": "100分钟",
    "豆瓣评分": 8.4
  },
  {
    "制片国家/地区": "中国大陆",
    "类型": "恐怖片",
    "年代": "2010年代",
    "主演": "吴镇宇",
    "导演": "叶伟民",
    "片名": "京城81号",
    "主演名单": "吴镇宇 / 林心如 / 杨祐宁 / 秦海璐",
    "具体上映时间": "2014-07-18(中国大陆)",
    "片长": "90分钟",
    "豆瓣评分": 4.8
  },
  {
    "制片国家/地区": "中国大陆",
    "类型": "恐怖片",
    "年代": "2000年代",
    "主演": "李心洁",
    "导演": "徐克",
    "片名": "深海寻人",
    "主演名单": "李心洁 / 梁洛施 / 张震 / 郭晓东",
    "具体上映时间": "2008-06-12(中国大陆)",
    "片长": "118分钟",
    "豆瓣评分": 5.9
  },
  {
    "制片国家/地区": "中国大陆",
    "类型": "动作片",
    "年代": "2010年代",
    "主演": "吴京",
    "导演": "吴京",
    "片名": "战狼2",
    "主演名单": "吴京 / 弗兰克·格里罗 / 吴刚 / 张翰",
    "具体上映时间": "2017-07-27(中国大陆)",
    "片长": "123分钟",
    "豆瓣评分": 7.1
  },
  {
    "制片国家/地区": "中国大陆",
    "类型": "动作片",
    "年代": "2000年代",
    "主演": "甄子丹",
    "导演": "叶伟信",
    "片名": "叶问",
    "主演名单": "甄子丹 / 任达华 / 熊黛林 / 池内博之",
    "具体上映时间": "2008-12-12(中国大陆) / 2008-12-19(中国香港)",
    "片长": "106分钟",
    "豆瓣评分": 7.6
  },
  {
    "制片国家/地区": "中国大陆",
    "类型": "动作片",
    "年代": "90年代",
    "主演": "李连杰",
    "导演": "徐克",
    "片名": "黄飞鸿之三：狮王争霸",
    "主演名单": "李连杰 / 关之琳 / 莫少聪 / 熊欣欣",
    "具体上映时间": "1993-02-11(中国香港)",
    "片长": "125分钟",
    "豆瓣评分": 7.9
  },
  {
    "制片国家/地区": "中国大陆",
    "类型": "动作片",
    "年代": "80年代",
    "主演": "李连杰",
    "导演": "张鑫炎",
    "片名": "少林寺",
    "主演名单": "李连杰 / 于海 / 丁岚 / 于承惠",
    "具体上映时间": "1982-02-01(中国大陆)",
    "片长": "95分钟",
    "豆瓣评分": 8.1
  },
  {
    "制片国家/地区": "中国大陆",
    "类型": "科幻片",
    "年代": "2010年代",
    "主演": "黄渤",
    "导演": "宁浩",
    "片名": "疯狂的外星人",
    "主演名单": "黄渤 / 沈腾 / 汤姆·派福瑞 / 徐峥",
    "具体上映时间": "2019-02-05(中国大陆)",
    "片长": "116分钟",
    "豆瓣评分": 6.4
  },
  {
    "制片国家/地区": "中国大陆",
    "类型": "科幻片",
    "年代": "2000年代",
    "主演": "周星驰",
    "导演": "周星驰",
    "片名": "长江七号",
    "主演名单": "周星驰 / 徐娇 / 张雨绮 / 林子聪",
    "具体上映时间": "2008-01-30(中国大陆)",
    "片长": "86分钟",
    "豆瓣评分": 6.8
  },
  {
    "制片国家/地区": "美国",
    "类型": "喜剧片",
    "年代": "2010年代",
    "主演": "维果·莫腾森",
    "导演": "彼得·法雷里",
    "片名": "绿皮书",
    "主演名单": "维果·莫腾森 / 马赫沙拉·阿里 / 琳达·卡德里尼",
    "具体上映时间": "2019-03-01(中国大陆) / 2018-11-16(美国)",
    "片长": "130分钟",
    "豆瓣评分": 8.9
  },
  {
    "制片国家/地区": "美国",
    "类型": "喜剧片",
    "年代": "2000年代",
    "主演": "杰克·尼科尔森",
    "导演": "罗伯·莱纳",
    "片名": "遗愿清单",
    "主演名单": "杰克·尼科尔森 / 摩根·弗里曼 / 西恩·海耶斯",
    "具体上映时间": "2008-01-11(美国)",
    "片长": "97分钟",
    "豆瓣评分": 8.6
  },
  {
    "制片国家/地区": "美国",
    "类型": "喜剧片",
    "年代": "90年代",
    "主演": "约翰·特拉沃尔塔",
    "导演": "昆汀·塔伦蒂诺",
    "片名": "低俗小说",
    "主演名单": "约翰·特拉沃尔塔 / 乌玛·瑟曼 / 阿曼达·普拉莫",
    "具体上映时间": "1994-10-14(美国)",
    "片长": "154分钟",
    "豆瓣评分": 8.8
  },
  {
    "制片国家/地区": "美国",
    "类型": "喜剧片",
    "年代": "80年代",
    "主演": "迈克尔·J·福克斯",
    "导演": "罗伯特·泽米吉斯",
    "片名": "回到未来",
    "主演名单": "迈克尔·J·福克斯 / 克里斯托弗·洛伊德 / 莉·汤普森",
    "具体上映时间": "1985-07-03(美国)",
    "片长": "116分钟",
    "豆瓣评分": 8.6
  },
  {
    "制片国家/地区": "美国",
    "类型": "动作片",
    "年代": "2010年代",
    "主演": "小罗伯特·唐尼",
    "导演": "安东尼·罗素",
    "片名": "复仇者联盟4：终局之战",
    "主演名单": "小罗伯特·唐尼 / 克里斯·埃文斯 / 马克·鲁弗洛 / 克里斯·海姆斯沃斯 / 斯嘉丽·约翰逊",
    "具体上映时间": "2019-04-24(中国大陆) / 2019-04-26(美国)",
    "片长": "181分钟",
    "豆瓣评分": 8.5
  },
  {
    "制片国家/地区": "美国",
    "类型": "动作片",
    "年代": "2000年代",
    "主演": "泰德·艾略特",
    "导演": "戈尔·维宾斯基",
    "片名": "加勒比海盗",
    "主演名单": "泰德·艾略特 / 特里·鲁西奥 / 斯图尔特·贝亚蒂耶",
    "具体上映时间": " 2003-11-21(中国大陆) / 2003-07-09(美国)",
    "片长": "143分钟",
    "豆瓣评分": 8.7
  },
  {
    "制片国家/地区": "美国",
    "类型": "动作片",
    "年代": "90年代",
    "主演": "汤姆·克鲁斯",
    "导演": "布莱恩·德·帕尔玛",
    "片名": "碟中谍",
    "主演名单": "汤姆·克鲁斯 / 强·沃特 / 让·雷诺 / 艾曼纽·贝阿",
    "具体上映时间": "1996-05-22(美国)",
    "片长": "110分钟",
    "豆瓣评分": 8.1
  },
  {
    "制片国家/地区": "美国",
    "类型": "动作片",
    "年代": "80年代",
    "主演": "阿诺·施瓦辛格",
    "导演": "詹姆斯·卡梅隆",
    "片名": "终结者",
    "主演名单": "阿诺·施瓦辛格 / 迈克尔·比恩 / 琳达·汉密尔顿",
    "具体上映时间": "1992-06(中国大陆) / 1984-10-26(美国)",
    "片长": "107分钟",
    "豆瓣评分": 8.1
  },
  {
    "制片国家/地区": "美国",
    "类型": "科幻片",
    "年代": "2010年代",
    "主演": "莱昂纳多·迪卡普里奥",
    "导演": "克里斯托弗·诺兰",
    "片名": "盗梦空间",
    "主演名单": "莱昂纳多·迪卡普里奥 / 约瑟夫·高登-莱维特 / 艾伦·佩吉",
    "具体上映时间": "2010-09-01(中国大陆) / 2010-07-16(美国)",
    "片长": "148分钟",
    "豆瓣评分": 9.3
  },
  {
    "制片国家/地区": "美国",
    "类型": "科幻片",
    "年代": "2000年代",
    "主演": "萨姆·沃辛顿",
    "导演": "詹姆斯·卡梅隆",
    "片名": "阿凡达",
    "主演名单": "萨姆·沃辛顿 / 佐伊·索尔达娜 / 西格妮·韦弗",
    "具体上映时间": "2010-01-04(中国大陆) / 2009-12-18(美国)",
    "片长": "162分钟",
    "豆瓣评分": 8.7
  },
  {
    "制片国家/地区": "美国",
    "类型": "科幻片",
    "年代": "90年代",
    "主演": "金·凯瑞",
    "导演": "彼得·威尔",
    "片名": "楚门的世界",
    "主演名单": "金·凯瑞 / 劳拉·琳妮 / 艾德·哈里斯",
    "具体上映时间": "1998-06-05(美国)",
    "片长": "103分钟",
    "豆瓣评分": 9.3
  },
  {
    "制片国家/地区": "美国",
    "类型": "科幻片",
    "年代": "80年代",
    "主演": "哈里森·福特",
    "导演": "雷德利·斯科特",
    "片名": "银翼杀手",
    "主演名单": "哈里森·福特 / 鲁特格尔·哈尔 / 肖恩·杨",
    "具体上映时间": "1982-06-25(美国)",
    "片长": "117分钟",
    "豆瓣评分": 8.4
  },
  {
    "制片国家/地区": "美国",
    "类型": "科幻片",
    "年代": "70年代",
    "主演": "哈里森·福特",
    "导演": "乔治·卢卡斯",
    "片名": "星球大战",
    "主演名单": "哈里森·福特 / 马克·哈米尔 / 凯丽·费雪",
    "具体上映时间": "1977-05-25(美国)",
    "片长": "121分钟",
    "豆瓣评分": 8.4
  },
  {
    "制片国家/地区": "美国",
    "类型": "爱情片",
    "年代": "2010年代",
    "主演": "玛德琳·卡罗尔",
    "导演": "罗伯·莱纳",
    "片名": "怦然心动",
    "主演名单": "玛德琳·卡罗尔 / 卡兰·麦克奥利菲 / 瑞贝卡·德·莫妮",
    "具体上映时间": "2010-07-26(好莱坞首映) / 2010-09-10(美国)",
    "片长": "90分钟",
    "豆瓣评分": 9.1
  },
  {
    "制片国家/地区": "美国",
    "类型": "爱情片",
    "年代": "2000年代",
    "主演": "凯特·布兰切特",
    "导演": "大卫·芬奇",
    "片名": "本杰明·巴顿奇事",
    "主演名单": "凯特·布兰切特 / 布拉德·皮特 / 朱莉娅·奥蒙德",
    "具体上映时间": "2008-12-25(美国)",
    "片长": "166分钟",
    "豆瓣评分": 8.9
  },
  {
    "制片国家/地区": "美国",
    "类型": "爱情片",
    "年代": "90年代",
    "主演": "莱昂纳多·迪卡普里奥",
    "导演": "詹姆斯·卡梅隆",
    "片名": "泰坦尼克号",
    "主演名单": "莱昂纳多·迪卡普里奥 / 凯特·温丝莱特 / 比利·赞恩",
    "具体上映时间": "1998-04-03(中国大陆) / 1997-12-19(美国)",
    "片长": "194分钟",
    "豆瓣评分": 9.4
  },
  {
    "制片国家/地区": "美国",
    "类型": "爱情片",
    "年代": "80年代",
    "主演": "汤姆·克鲁斯",
    "导演": "托尼·斯科特",
    "片名": "壮志凌云",
    "主演名单": "汤姆·克鲁斯 / 凯莉·麦吉利斯 / 方·基默",
    "具体上映时间": "1986-05-16(美国)",
    "片长": "110分钟",
    "豆瓣评分": 7.7
  },
  {
    "制片国家/地区": "美国",
    "类型": "爱情片",
    "年代": "70年代",
    "主演": "西尔维斯特·史泰龙",
    "导演": "约翰·G·艾维尔森",
    "片名": "洛奇",
    "主演名单": "西尔维斯特·史泰龙 / 塔莉娅·夏尔 / 波特·杨",
    "具体上映时间": "1976-12-03(美国)",
    "片长": "120分钟",
    "豆瓣评分": 8.7
  },
  {
    "制片国家/地区": "美国",
    "类型": "恐怖片",
    "年代": "2010年代",
    "主演": "维拉·法米加",
    "导演": "温子仁",
    "片名": "招魂",
    "主演名单": "维拉·法米加 / 帕特里克·威尔森 / 莉莉·泰勒",
    "具体上映时间": "2013-07-19(美国)",
    "片长": "112分钟",
    "豆瓣评分": 7.9
  },
  {
    "制片国家/地区": "美国",
    "类型": "恐怖片",
    "年代": "2000年代",
    "主演": "雷·沃纳尔",
    "导演": "温子仁",
    "片名": "电锯惊魂",
    "主演名单": "雷·沃纳尔 / 加利·艾尔维斯 / 丹尼·格洛弗",
    "具体上映时间": "2004-10-29(美国)",
    "片长": "103分钟",
    "豆瓣评分": 8.7
  },
  {
    "制片国家/地区": "美国",
    "类型": "恐怖片",
    "年代": "90年代",
    "主演": "内芙·坎贝尔",
    "导演": "韦斯·克雷文",
    "片名": "惊声尖叫",
    "主演名单": "内芙·坎贝尔 / 斯基特·乌尔里奇 / 柯特妮·考克斯",
    "具体上映时间": "1996-12-20(美国)",
    "片长": "111分钟",
    "豆瓣评分": 7.1
  },
  {
    "制片国家/地区": "美国",
    "类型": "恐怖片",
    "年代": "80年代",
    "主演": "杰克·尼科尔森",
    "导演": "斯坦利·库布里克",
    "片名": "闪灵",
    "主演名单": "杰克·尼科尔森 / 谢莉·杜瓦尔 / 丹尼·劳埃德",
    "具体上映时间": "1980-05-23(美国)",
    "片长": "144分钟",
    "豆瓣评分": 8.2
  },
  {
    "制片国家/地区": "美国",
    "类型": "恐怖片",
    "年代": "70年代",
    "主演": "西格妮·韦弗",
    "导演": "雷德利·斯科特",
    "片名": "异形",
    "主演名单": "西格妮·韦弗 / 汤姆·斯凯里特 / 维罗尼卡·卡维特",
    "具体上映时间": "1979-05-25(美国)",
    "片长": "117分钟",
    "豆瓣评分": 8.2
  },
  {
    "制片国家/地区": "印度",
    "类型": "喜剧片",
    "年代": "2010年代",
    "主演": "阿米尔·汗",
    "导演": "拉吉库马尔·希拉尼",
    "片名": "我的个神啊",
    "主演名单": "阿米尔·汗 / 安努舒卡·莎玛 / 桑杰·达特",
    "具体上映时间": "2015-05-22(中国大陆) / 2014-12-19(印度)",
    "片长": "139分钟",
    "豆瓣评分": 8.4
  },
  {
    "制片国家/地区": "印度",
    "类型": "喜剧片",
    "年代": "2000年代",
    "主演": "阿米尔·汗",
    "导演": "拉吉库马尔·希拉尼",
    "片名": "三傻大闹宝莱坞",
    "主演名单": "阿米尔·汗 / 卡琳娜·卡普尔 / 马达范",
    "具体上映时间": "2011-12-08(中国大陆) / 2009-12-25(印度)",
    "片长": "171分钟",
    "豆瓣评分": 9.2
  },
  {
    "制片国家/地区": "印度",
    "类型": "喜剧片",
    "年代": "90年代",
    "主演": "沙鲁克·汗",
    "导演": "拉克什·罗斯汉",
    "片名": "烈火恩仇",
    "主演名单": "沙鲁克·汗 / 玛杜丽·迪克西特 / 阿莫瑞什·普瑞",
    "具体上映时间": "1997-04-07(印度)",
    "片长": "166分钟",
    "豆瓣评分": 8.4
  },
  {
    "制片国家/地区": "印度",
    "类型": "喜剧片",
    "年代": "80年代",
    "主演": "亚尼·卡普",
    "导演": "谢卡尔·卡普尔",
    "片名": "印度先生",
    "主演名单": "亚尼·卡普 / 诗丽黛玮 / 阿莫瑞什·普瑞",
    "具体上映时间": "1987-05-25(印度)",
    "片长": "179分钟",
    "豆瓣评分": 7.6
  },
  {
    "制片国家/地区": "印度",
    "类型": "动作片",
    "年代": "2010年代",
    "主演": "萨尔曼·汗",
    "导演": "卡比尔·汗",
    "片名": "小萝莉的猴神大叔",
    "主演名单": "萨尔曼·汗 / 哈莎莉·马洛特拉 / 卡琳娜·卡普尔",
    "具体上映时间": "2018-03-02(中国大陆) / 2015-07-17(印度)",
    "片长": "141分钟",
    "豆瓣评分": 8.4
  },
  {
    "制片国家/地区": "印度",
    "类型": "动作片",
    "年代": "2000年代",
    "主演": "阿米尔·汗",
    "导演": "A.R.目虏古多斯",
    "片名": "未知死亡",
    "主演名单": "阿米尔·汗 / 缇努·阿南德 / 阿辛",
    "具体上映时间": "2008-12-25(印度)",
    "片长": "183分钟",
    "豆瓣评分": 8.1
  },
  {
    "制片国家/地区": "印度",
    "类型": "动作片",
    "年代": "90年代",
    "主演": "沙鲁克·汗",
    "导演": "马赫什·巴特",
    "片名": "复制品",
    "主演名单": "沙鲁克·汗 / 玖熹·查瓦拉 / 索娜丽·本达里",
    "具体上映时间": "1998-05-08(印度)",
    "片长": "164分钟",
    "豆瓣评分": 8.2
  },
  {
    "制片国家/地区": "印度",
    "类型": "动作片",
    "年代": "80年代",
    "主演": "沙特鲁汉.辛哈",
    "导演": "拉克什·罗斯汉",
    "片名": "血洗鳄鱼仇",
    "主演名单": "沙特鲁汉.辛哈 / 拉克什·罗斯汉 / 卡伯·贝迪",
    "具体上映时间": "1988-08-12(印度)",
    "片长": "172分钟",
    "豆瓣评分": 8.0
  },
  {
    "制片国家/地区": "印度",
    "类型": "爱情片",
    "年代": "2010年代",
    "主演": "沙鲁克·汗",
    "导演": "卡伦·乔哈尔",
    "片名": "我的名字叫可汗",
    "主演名单": "沙鲁克·汗 / 卡卓儿 / 肖恩·哈珀",
    "具体上映时间": "2010-11-30(中国大陆) / 2010-02-12(印度)",
    "片长": "165分钟",
    "豆瓣评分": 8.4
  },
  {
    "制片国家/地区": "印度",
    "类型": "爱情片",
    "年代": "2000年代",
    "主演": "沙鲁克·汗",
    "导演": "桑杰·里拉·彭萨里",
    "片名": "宝莱坞生死恋",
    "主演名单": "普拉卡什·卡帕迪亚 / 桑杰·里拉·彭萨里 / 萨拉特·钱德拉·查特吉",
    "具体上映时间": "2002-07-11(印度)",
    "片长": "182分钟",
    "豆瓣评分": 8.3
  },
  {
    "制片国家/地区": "印度",
    "类型": "科幻片",
    "年代": "2010年代",
    "主演": "艾西瓦娅·雷",
    "导演": "S·尚卡尔",
    "片名": "宝莱坞机器人之恋",
    "主演名单": "艾西瓦娅·雷 / 拉吉尼坎塔 / 丹尼·邓宗帕",
    "具体上映时间": "2010-10-01(美国)",
    "片长": "155分钟",
    "豆瓣评分": 7.2
  },
  {
    "制片国家/地区": "印度",
    "类型": "科幻片",
    "年代": "2000年代",
    "主演": "佩丽冉卡·曹帕拉",
    "导演": "拉克什·罗斯汉",
    "片名": "印度超人",
    "主演名单": "佩丽冉卡·曹帕拉 / 赫里尼克·罗斯汉 / 纳萨鲁丁·沙",
    "具体上映时间": "2006-06-23(印度)",
    "片长": "185分钟",
    "豆瓣评分": 6.5
  },
  {
    "制片国家/地区": "韩国",
    "类型": "爱情片",
    "年代": "2010年代",
    "主演": "宋仲基",
    "导演": "赵圣熙",
    "片名": "狼少年",
    "主演名单": "宋仲基 / 朴宝英 / 柳演锡 / 张荣男",
    "具体上映时间": "2013-12-19(中国大陆) / 2012-10-31(韩国)",
    "片长": "124分钟",
    "豆瓣评分": 7.9
  },
  {
    "制片国家/地区": "韩国",
    "类型": "爱情片",
    "年代": "2000年代",
    "主演": "车太贤",
    "导演": "郭在容",
    "片名": "我的野蛮女友",
    "主演名单": "车太贤 / 全智贤 / 金仁文 / 金太贤",
    "具体上映时间": "2001-07-27(韩国)",
    "片长": "123分钟",
    "豆瓣评分": 8.2
  },
  {
    "制片国家/地区": "韩国",
    "类型": "动作片",
    "年代": "2010年代",
    "主演": "孔侑",
    "导演": "延尚昊",
    "片名": "釜山行",
    "主演名单": "孔侑 / 郑有美 / 马东锡 / 金秀安",
    "具体上映时间": "2016-07-20(韩国)",
    "片长": "118分钟",
    "豆瓣评分": 8.5
  },
  {
    "制片国家/地区": "韩国",
    "类型": "动作片",
    "年代": "2000年代",
    "主演": "崔岷植",
    "导演": "朴赞郁",
    "片名": "老男孩",
    "主演名单": "崔岷植 / 姜惠贞 / 刘智泰 / 池大汉",
    "具体上映时间": "2003-11-21(韩国)",
    "片长": "120分钟",
    "豆瓣评分": 8.2
  }
]