[
  {
    "品牌": "联想",
    "产品类别": "笔记本",
    "分类": "轻薄本",
    "内存容量": "8GB",
    "屏幕尺寸": "15.6英寸",
    "CPU": "i5",
    "价格区间": "5000到10000",
    "系列": "联想 - 小新Air",
    "商品名称": "联想小新Air",
    "系统": "Windows 10",
    "游戏性能": "入门级",
    "CPU型号": "i5-8265U",
    "裸机重量": "1.5-2kg",
    "显卡类别": "独立显卡",
    "显卡型号": "MX150",
    "特性": "背光键盘，指纹识别，PCIE高速固态硬盘，快充，Type-c接口",
    "色系": "灰色系",
    "待机时长": "7-9小时",
    "硬盘容量": "256GB SSD",
    "价格": 5799.0
  },
  {
    "品牌": "联想",
    "产品类别": "笔记本",
    "分类": "轻薄本",
    "内存容量": "8GB",
    "屏幕尺寸": "14.0英寸",
    "CPU": "i5",
    "价格区间": "小于5000",
    "系列": "联想 - 小新潮7000",
    "商品名称": "联想小新潮7000",
    "系统": "Windows 10",
    "游戏性能": "入门级",
    "CPU型号": "i5-8250U",
    "裸机重量": "1.5-2kg",
    "显卡类别": "集成显卡",
    "显卡型号": "其他",
    "特性": "PCIE高速固态硬盘，双硬盘位，快充，Type-c接口",
    "色系": "蓝色系",
    "待机时长": "9小时以上",
    "硬盘容量": "256GB SSD",
    "价格": 4999.0
  },
  {
    "品牌": "联想",
    "产品类别": "笔记本",
    "分类": "游戏本",
    "内存容量": "8GB",
    "屏幕尺寸": "15.6英寸",
    "CPU": "i5",
    "价格区间": "5000到10000",
    "系列": "联想 - 拯救者",
    "商品名称": "联想拯救者Y7000",
    "系统": "Windows 10",
    "游戏性能": "发烧级",
    "CPU型号": "i5-9300H",
    "裸机重量": "2-2.5kg",
    "显卡类别": "独立显卡",
    "显卡型号": "GTX1650",
    "特性": "背光键盘，全面屏",
    "色系": "黑色系",
    "待机时长": "小于5小时",
    "硬盘容量": "256GB SSD",
    "价格": 6449.0
  },
  {
    "品牌": "联想",
    "产品类别": "笔记本",
    "分类": "轻薄本",
    "内存容量": "16GB",
    "屏幕尺寸": "14.0英寸",
    "CPU": "i7",
    "价格区间": "5000到10000",
    "系列": "联想 - YOGA",
    "商品名称": "联想YOGA C740",
    "系统": "Windows 10",
    "游戏性能": "入门级",
    "CPU型号": "i7-10710u",
    "裸机重量": "1-1.5KG",
    "显卡类别": "核芯显卡",
    "显卡型号": "其他",
    "特性": "背光键盘，指纹识别，PCIE高速固态硬盘",
    "色系": "灰色系",
    "待机时长": "7-9小时",
    "硬盘容量": "1T SSD",
    "价格": 7999.0
  },
  {
    "品牌": "联想",
    "产品类别": "笔记本",
    "分类": "常规笔记本",
    "内存容量": "16GB",
    "屏幕尺寸": "15.6英寸",
    "CPU": "i7",
    "价格区间": "5000到10000",
    "系列": "联想 - 拯救者",
    "商品名称": "联想拯救者Y9000X",
    "系统": "Windows 10",
    "游戏性能": "入门级",
    "CPU型号": "i7-9750H",
    "裸机重量": "1.5-2kg",
    "显卡类别": "集成显卡",
    "显卡型号": "其他",
    "特性": "背光键盘，PCIE高速固态硬盘",
    "色系": "灰色系",
    "待机时长": "7-9小时",
    "硬盘容量": "1T SSD",
    "价格": 8699.0
  },
  {
    "品牌": "联想",
    "产品类别": "台式机",
    "分类": "商用电脑",
    "内存容量": "8GB",
    "屏幕尺寸": "23-25英寸",
    "CPU": "i5",
    "价格区间": "5000到10000",
    "系列": "联想 - 天逸",
    "商品名称": "联想天逸510Pro",
    "系统": "Windows 10",
    "游戏性能": "入门级",
    "CPU型号": "i5-9400F",
    "裸机重量": "7.48kg",
    "显卡类别": "独立显卡",
    "显卡型号": "GT730",
    "特性": "",
    "色系": "",
    "待机时长": "",
    "硬盘容量": "256GB SSD + 1TB HDD",
    "价格": 4889.0
  },
  {
    "品牌": "联想",
    "产品类别": "台式机",
    "分类": "商用电脑",
    "内存容量": "8GB",
    "屏幕尺寸": "21.5英寸",
    "CPU": "i7",
    "价格区间": "5000到10000",
    "系列": "联想 - 扬天",
    "商品名称": "联想扬天T4900v",
    "系统": "Windows 10",
    "游戏性能": "入门级",
    "CPU型号": "i7-8700",
    "裸机重量": "9.27kg",
    "显卡类别": "独立显卡",
    "显卡型号": "GT730",
    "特性": "",
    "色系": "",
    "待机时长": "",
    "硬盘容量": "1TB HDD",
    "价格": 6088.0
  },
  {
    "品牌": "联想",
    "产品类别": "台式机",
    "分类": "游戏电脑",
    "内存容量": "16GB",
    "屏幕尺寸": "无显示器",
    "CPU": "i9",
    "价格区间": "5000到10000",
    "系列": "联想 - 刃系列",
    "商品名称": "拯救者 刃7000",
    "系统": "Windows 10",
    "游戏性能": "发烧级",
    "CPU型号": "i9-9900",
    "裸机重量": "12.0kg",
    "显卡类别": "独立显卡",
    "显卡型号": "RTX2060",
    "特性": "",
    "色系": "",
    "待机时长": "",
    "硬盘容量": "512GB SSD",
    "价格": 7999.0
  },
  {
    "品牌": "联想",
    "产品类别": "台式机",
    "分类": "游戏电脑",
    "内存容量": "16GB",
    "屏幕尺寸": "无显示器",
    "CPU": "i7",
    "价格区间": "5000到10000",
    "系列": "联想 - GeekPro",
    "商品名称": "联想 GeekPro",
    "系统": "Windows 10",
    "游戏性能": "发烧级",
    "CPU型号": "i7-9700F",
    "裸机重量": "6.85kg",
    "显卡类别": "独立显卡",
    "显卡型号": "GTX1650",
    "特性": "",
    "色系": "",
    "待机时长": "",
    "硬盘容量": "256GB SSD + 1TB HDD",
    "价格": 5989.0
  },
  {
    "品牌": "联想",
    "产品类别": "台式机",
    "分类": "商用电脑",
    "内存容量": "8GB",
    "屏幕尺寸": "20-21.5英寸",
    "CPU": "i3",
    "价格区间": "小于5000",
    "系列": "联想 - 天逸",
    "商品名称": "联想天逸510S",
    "系统": "Windows 10",
    "游戏性能": "入门级",
    "CPU型号": "i3-9100",
    "裸机重量": "5.875kg",
    "显卡类别": "集成显卡",
    "显卡型号": "其他",
    "特性": "",
    "色系": "",
    "待机时长": "",
    "硬盘容量": "1TB HDD",
    "价格": 2889.0
  },
  {
    "品牌": "戴尔",
    "产品类别": "笔记本",
    "分类": "游戏本",
    "内存容量": "16GB",
    "屏幕尺寸": "15.6英寸",
    "CPU": "i7",
    "价格区间": "5000到10000",
    "系列": "戴尔 - G系列",
    "商品名称": "戴尔（DELL）游匣G3灵越3590",
    "系统": "Windows 10",
    "游戏性能": "发烧级",
    "CPU型号": "i7-9750H",
    "裸机重量": "2-2.5kg",
    "显卡类别": "独立显卡",
    "显卡型号": "GTX1660ti MQ6G",
    "特性": "背光键盘，PCIE高速固态硬盘",
    "色系": "蓝色系",
    "待机时长": "小于5小时",
    "硬盘容量": "512GB SSD + 1TB HDD",
    "价格": 8599.0
  },
  {
    "品牌": "戴尔",
    "产品类别": "笔记本",
    "分类": "轻薄本",
    "内存容量": "64GB",
    "屏幕尺寸": "15.6英寸",
    "CPU": "i9",
    "价格区间": "大于20000",
    "系列": "戴尔 - XPS",
    "商品名称": "戴尔（DELL）xps15-7590",
    "系统": "Windows 10",
    "游戏性能": "发烧级",
    "CPU型号": "i9-9980HK",
    "裸机重量": "1.5-2kg",
    "显卡类别": "独立显卡",
    "显卡型号": "GTX1650",
    "特性": "触控屏，背光键盘，PCIE高速固态硬盘",
    "色系": "银色系",
    "待机时长": "小于5小时",
    "硬盘容量": "512GB SSD",
    "价格": 26999.0
  },
  {
    "品牌": "戴尔",
    "产品类别": "笔记本",
    "分类": "轻薄本",
    "内存容量": "16GB",
    "屏幕尺寸": "15.6英寸",
    "CPU": "i5",
    "价格区间": "5000到10000",
    "系列": "戴尔 - 燃7000",
    "商品名称": "戴尔（DELL）燃7000灵越7572",
    "系统": "Windows 10",
    "游戏性能": "发烧级",
    "CPU型号": "i5-8265U",
    "裸机重量": "1.5kg-2kg",
    "显卡类别": "独立显卡",
    "显卡型号": "MX150",
    "特性": "背光键盘，PCIE高速固态硬盘，双硬盘位",
    "色系": "银色系",
    "待机时长": "小于5小时",
    "硬盘容量": "512GB SSD + 1TB HDD",
    "价格": 5899.0
  },
  {
    "品牌": "戴尔",
    "产品类别": "笔记本",
    "分类": "轻薄本",
    "内存容量": "16GB",
    "屏幕尺寸": "15.6英寸",
    "CPU": "i7",
    "价格区间": "5000到10000",
    "系列": "戴尔 - Vostro",
    "商品名称": "戴尔（DELL） 燃5000成就5590",
    "系统": "Windows 10",
    "游戏性能": "发烧级",
    "CPU型号": "i7-10510u",
    "裸机重量": "1.5-2kg",
    "显卡类别": "独立显卡",
    "显卡型号": "MX250",
    "特性": "背光键盘，PCIE高速固态硬盘",
    "色系": "银色系",
    "待机时长": "小于5小时",
    "硬盘容量": "512GB SSD + 1TB HDD",
    "价格": 6999.0
  },
  {
    "品牌": "戴尔",
    "产品类别": "笔记本",
    "分类": "常规笔记本",
    "内存容量": "8GB",
    "屏幕尺寸": "14.0英寸",
    "CPU": "i7",
    "价格区间": "5000到10000",
    "系列": "戴尔 - Inspiron",
    "商品名称": "戴尔灵越14燃",
    "系统": "Windows 10",
    "游戏性能": "入门级",
    "CPU型号": "i7-8565U",
    "裸机重量": "1-1.5kg",
    "显卡类别": "独立显卡",
    "显卡型号": "MX250",
    "特性": "背光键盘，指纹识别，PCIE高速固态硬盘",
    "色系": "银色系",
    "待机时长": "9小时以上",
    "硬盘容量": "256GB SSD",
    "价格": 5499.0
  },
  {
    "品牌": "戴尔",
    "产品类别": "台式机",
    "分类": "商用电脑",
    "内存容量": "8GB",
    "屏幕尺寸": "20-21.5英寸",
    "CPU": "i3",
    "价格区间": "小于5000",
    "系列": "戴尔 - 成就",
    "商品名称": "戴尔（DELL）成就3470",
    "系统": "Windows 10",
    "游戏性能": "入门级",
    "CPU型号": "i3-9100",
    "裸机重量": "5.84kg",
    "显卡类别": "集成显卡",
    "显卡型号": "其他",
    "特性": "",
    "色系": "",
    "待机时长": "",
    "硬盘容量": "1TB HDD",
    "价格": 2899.0
  },
  {
    "品牌": "戴尔",
    "产品类别": "台式机",
    "分类": "商用电脑",
    "内存容量": "8GB",
    "屏幕尺寸": "23.6英寸",
    "CPU": "i5",
    "价格区间": "小于5000",
    "系列": "戴尔 - 灵越",
    "商品名称": "戴尔（DELL）灵越3670",
    "系统": "Windows 10",
    "游戏性能": "入门级",
    "CPU型号": "i5-9400",
    "裸机重量": "7.14kg",
    "显卡类别": "独立显卡",
    "显卡型号": "其他",
    "特性": "",
    "色系": "",
    "待机时长": "",
    "硬盘容量": "256GB SSD + 1TB HDD",
    "价格": 4899.0
  },
  {
    "品牌": "戴尔",
    "产品类别": "台式机",
    "分类": "商用电脑",
    "内存容量": "16GB",
    "屏幕尺寸": "无显示器",
    "CPU": "i7",
    "价格区间": "10000到15000",
    "系列": "戴尔 - XPS",
    "商品名称": "戴尔（DELL）XPS8930",
    "系统": "Windows 10",
    "游戏性能": "发烧级",
    "CPU型号": "i7-9700",
    "裸机重量": "12.17kg",
    "显卡类别": "独立显卡",
    "显卡型号": "RTX2060",
    "特性": "",
    "色系": "",
    "待机时长": "",
    "硬盘容量": "512GB SSD + 2TB HDD",
    "价格": 12499.0
  },
  {
    "品牌": "戴尔",
    "产品类别": "台式机",
    "分类": "商用电脑",
    "内存容量": "16GB",
    "屏幕尺寸": "无显示器",
    "CPU": "i7",
    "价格区间": "5000到10000",
    "系列": "戴尔 - OptiPlex",
    "商品名称": "戴尔（DELL） OptiPlex7070MT",
    "系统": "Windows 10",
    "游戏性能": "发烧级",
    "CPU型号": "i7-9700",
    "裸机重量": "8.0kg",
    "显卡类别": "独立显卡",
    "显卡型号": "丽台P2000",
    "特性": "",
    "色系": "",
    "待机时长": "",
    "硬盘容量": "256GB SSD + 1TB HDD",
    "价格": 6399.0
  },
  {
    "品牌": "戴尔",
    "产品类别": "台式机",
    "分类": "游戏电脑",
    "内存容量": "16GB",
    "屏幕尺寸": "无显示器",
    "CPU": "i7",
    "价格区间": "5000到10000",
    "系列": "戴尔 - 灵越",
    "商品名称": "戴尔（DELL）G5 5090",
    "系统": "Windows 10",
    "游戏性能": "发烧级",
    "CPU型号": "i7-9700",
    "裸机重量": "7.92kg",
    "显卡类别": "独立显卡",
    "显卡型号": "GTX1660Ti",
    "特性": "",
    "色系": "",
    "待机时长": "",
    "硬盘容量": "512GB SSD",
    "价格": 7999.0
  },
  {
    "品牌": "惠普",
    "产品类别": "笔记本",
    "分类": "游戏本",
    "内存容量": "8GB",
    "屏幕尺寸": "15.6英寸",
    "CPU": "i7",
    "价格区间": "5000到10000",
    "系列": "惠普 - Pavilion",
    "商品名称": "惠普（HP）光影精灵5",
    "系统": "Windows 10",
    "游戏性能": "发烧级",
    "CPU型号": "i7-9750H",
    "裸机重量": "2-2.5kg",
    "显卡类别": "独立显卡",
    "显卡型号": "GTX1650",
    "特性": "背光键盘",
    "色系": "黑色系",
    "待机时长": "小于5小时",
    "硬盘容量": "512GB SSD",
    "价格": 6999.0
  },
  {
    "品牌": "惠普",
    "产品类别": "笔记本",
    "分类": "游戏本",
    "内存容量": "16GB",
    "屏幕尺寸": "15.6英寸",
    "CPU": "i7",
    "价格区间": "15000到20000",
    "系列": "惠普 - 暗影精灵",
    "商品名称": "惠普（HP）暗影精灵5",
    "系统": "Windows 10",
    "游戏性能": "发烧级",
    "CPU型号": "i7-9750H",
    "裸机重量": "2-2.5kg",
    "显卡类别": "独立显卡",
    "显卡型号": "RTX2060",
    "特性": "背光键盘，PCIE高速固态硬盘，双硬盘位",
    "色系": "黑色系",
    "待机时长": "小于5小时",
    "硬盘容量": "512GB SSD",
    "价格": 18099.0
  },
  {
    "品牌": "惠普",
    "产品类别": "笔记本",
    "分类": "轻薄本",
    "内存容量": "8GB",
    "屏幕尺寸": "14.0英寸",
    "CPU": "i5",
    "价格区间": "小于5000",
    "系列": "惠普 - 星系列",
    "商品名称": "惠普（HP）星14 青春版",
    "系统": "Windows 10",
    "游戏性能": "入门级",
    "CPU型号": "i5-10210U",
    "裸机重量": "1-1.5kg",
    "显卡类别": "独立显卡",
    "显卡型号": "R530",
    "特性": "快充",
    "色系": "银色系",
    "待机时长": "8小时以上",
    "硬盘容量": "512GB SSD",
    "价格": 4599.0
  },
  {
    "品牌": "惠普",
    "产品类别": "笔记本",
    "分类": "轻薄本",
    "内存容量": "8GB",
    "屏幕尺寸": "13.3英寸",
    "CPU": "i5",
    "价格区间": "5000到10000",
    "系列": "惠普 - ENVY",
    "商品名称": "惠普（HP）Envy13",
    "系统": "Windows 10",
    "游戏性能": "入门级",
    "CPU型号": "i5-10210U",
    "裸机重量": "1-1.5kg",
    "显卡类别": "独立显卡",
    "显卡型号": "MX250",
    "特性": "指纹识别，快充，机身厚度小于20mm",
    "色系": "银色系",
    "待机时长": "8小时以上",
    "硬盘容量": "512GB SSD",
    "价格": 6699.0
  },
  {
    "品牌": "惠普",
    "产品类别": "笔记本",
    "分类": "轻薄本",
    "内存容量": "8GB",
    "屏幕尺寸": "14.0英寸",
    "CPU": "i5",
    "价格区间": "5000到10000",
    "系列": "惠普 - 战系列",
    "商品名称": "惠普（HP）战66 Pro 14 G3",
    "系统": "Windows 10",
    "游戏性能": "入门级",
    "CPU型号": "i5-10210U",
    "裸机重量": "1.5-2kg",
    "显卡类别": "独立显卡",
    "显卡型号": "MX250",
    "特性": "指纹识别，PCIE高速固态硬盘，长寿命电池",
    "色系": "银色系",
    "待机时长": "8小时以上",
    "硬盘容量": "512GB SSD",
    "价格": 5699.0
  },
  {
    "品牌": "惠普",
    "产品类别": "台式机",
    "分类": "商用电脑",
    "内存容量": "8GB",
    "屏幕尺寸": "23-25英寸",
    "CPU": "i5",
    "价格区间": "5000到10000",
    "系列": "惠普 - 战系列",
    "商品名称": "惠普（HP）战99 Pro G1 MT",
    "系统": "Windows 10",
    "游戏性能": "入门级",
    "CPU型号": "i5-9500",
    "裸机重量": "7.51kg",
    "显卡类别": "独立显卡",
    "显卡型号": "AMD Radeon R7 430 2G",
    "特性": "",
    "色系": "",
    "待机时长": "",
    "硬盘容量": "256GB SSD + 1TB HDD",
    "价格": 5499.0
  },
  {
    "品牌": "惠普",
    "产品类别": "台式机",
    "分类": "游戏电脑",
    "内存容量": "8GB",
    "屏幕尺寸": "无显示器",
    "CPU": "i7",
    "价格区间": "5000到10000",
    "系列": "惠普 - 暗影精灵",
    "商品名称": "惠普TG01-073rcn",
    "系统": "Windows 10",
    "游戏性能": "发烧级",
    "CPU型号": "i7-9700",
    "裸机重量": "7.38kg",
    "显卡类别": "独立显卡",
    "显卡型号": "GTX1660",
    "特性": "",
    "色系": "",
    "待机时长": "",
    "硬盘容量": "256GB SSD + 1TB HDD",
    "价格": 6199.0
  },
  {
    "品牌": "惠普",
    "产品类别": "台式机",
    "分类": "商用电脑",
    "内存容量": "8GB",
    "屏幕尺寸": "20-21.5英寸",
    "CPU": "i3",
    "价格区间": "小于5000",
    "系列": "惠普 - 小欧",
    "商品名称": "惠普290-p035rcn",
    "系统": "Windows 10",
    "游戏性能": "入门级",
    "CPU型号": "i3-9100",
    "裸机重量": "5.58kg",
    "显卡类别": "集成显卡",
    "显卡型号": "其他",
    "特性": "",
    "色系": "",
    "待机时长": "",
    "硬盘容量": "512GB SSD",
    "价格": 3599.0
  },
  {
    "品牌": "惠普",
    "产品类别": "台式机",
    "分类": "商用电脑",
    "内存容量": "8GB",
    "屏幕尺寸": "20-21.5英寸",
    "CPU": "i3",
    "价格区间": "小于5000",
    "系列": "惠普 - 战系列",
    "商品名称": "惠普（HP）战66 Pro G1 MT",
    "系统": "Windows 10",
    "游戏性能": "入门级",
    "CPU型号": "i3-9100",
    "裸机重量": "6.06kg",
    "显卡类别": "集成显卡",
    "显卡型号": "其他",
    "特性": "",
    "色系": "",
    "待机时长": "",
    "硬盘容量": "1TB HDD",
    "价格": 3499.0
  },
  {
    "品牌": "惠普",
    "产品类别": "台式机",
    "分类": "游戏电脑",
    "内存容量": "16GB",
    "屏幕尺寸": "无显示器",
    "CPU": "i9",
    "价格区间": "15000到20000",
    "系列": "惠普 - 暗影精灵",
    "商品名称": "惠普875-188rcn",
    "系统": "Windows 10",
    "游戏性能": "发烧级",
    "CPU型号": "i9-9900K",
    "裸机重量": "13.67kg",
    "显卡类别": "独立显卡",
    "显卡型号": "RTX2080Ti",
    "特性": "水冷，骇客神条",
    "色系": "",
    "待机时长": "",
    "硬盘容量": "512GB SSD + 2TB HDD",
    "价格": 19999.0
  },
  {
    "品牌": "宏碁",
    "产品类别": "笔记本",
    "分类": "常规笔记本",
    "内存容量": "8GB",
    "屏幕尺寸": "14.0英寸",
    "CPU": "i5",
    "价格区间": "小于5000",
    "系列": "宏碁 - 蜂鸟",
    "商品名称": "宏碁（Acer）蜂鸟FUN",
    "系统": "Windows 10",
    "游戏性能": "入门级",
    "CPU型号": "i5-10210U",
    "裸机重量": "1-1.5kg",
    "显卡类别": "独立显卡",
    "显卡型号": "MX250",
    "特性": "PCIE高速固态硬盘",
    "色系": "银色系",
    "待机时长": "9小时以上",
    "硬盘容量": "512GB SSD",
    "价格": 4088.0
  },
  {
    "品牌": "宏碁",
    "产品类别": "笔记本",
    "分类": "轻薄本",
    "内存容量": "8GB",
    "屏幕尺寸": "15.6英寸",
    "CPU": "i5",
    "价格区间": "小于5000",
    "系列": "宏碁 - 墨舞",
    "商品名称": "宏碁（Acer）墨舞EX215",
    "系统": "Windows 10",
    "游戏性能": "入门级",
    "CPU型号": "i5-10210U",
    "裸机重量": "1.5-2kg",
    "显卡类别": "独立显卡",
    "显卡型号": "MX230",
    "特性": "PCIE高速固态硬盘，双硬盘位",
    "色系": "黑色系",
    "待机时长": "5-8小时",
    "硬盘容量": "512GB SSD",
    "价格": 4199.0
  },
  {
    "品牌": "宏碁",
    "产品类别": "笔记本",
    "分类": "常规笔记本",
    "内存容量": "8GB",
    "屏幕尺寸": "15.6英寸",
    "CPU": "i5",
    "价格区间": "5000到10000",
    "系列": "宏碁 - 翼舞",
    "商品名称": "宏基（Acer）S50",
    "系统": "Windows 10",
    "游戏性能": "入门级",
    "CPU型号": "i5-10210U",
    "裸机重量": "1.5-2kg",
    "显卡类别": "独立显卡",
    "显卡型号": "MX250",
    "特性": "全面屏，双硬盘位，双内存插槽",
    "色系": "银色系",
    "待机时长": "5-8小时",
    "硬盘容量": "512GB SSD + 1TB HDD",
    "价格": 5099.0
  },
  {
    "品牌": "宏碁",
    "产品类别": "笔记本",
    "分类": "轻薄本",
    "内存容量": "8GB",
    "屏幕尺寸": "15.6英寸",
    "CPU": "i5",
    "价格区间": "5000到10000",
    "系列": "宏碁 - 炫6",
    "商品名称": "宏碁威武骑士A725",
    "系统": "Windows 10",
    "游戏性能": "发烧级",
    "CPU型号": "i5-9300H",
    "裸机重量": "2-2.5kg",
    "显卡类别": "独立显卡",
    "显卡型号": "GTX1650",
    "特性": "背光键盘，指纹识别",
    "色系": "黑色系",
    "待机时长": "5-8小时",
    "硬盘容量": "512GB SSD",
    "价格": 5949.0
  },
  {
    "品牌": "宏碁",
    "产品类别": "笔记本",
    "分类": "游戏本",
    "内存容量": "16GB",
    "屏幕尺寸": "15.6英寸",
    "CPU": "i7",
    "价格区间": "5000到10000",
    "系列": "宏碁 - Concept-D",
    "商品名称": "宏碁Concept-D",
    "系统": "Windows 10",
    "游戏性能": "发烧级",
    "CPU型号": "i7-9750H",
    "裸机重量": "2-2.5kg",
    "显卡类别": "独立显卡",
    "显卡型号": "GTX1650",
    "特性": "背光键盘",
    "色系": "白色系",
    "待机时长": "5-8小时",
    "硬盘容量": "512GB SSD",
    "价格": 7999.0
  },
  {
    "品牌": "宏碁",
    "产品类别": "台式机",
    "分类": "商用电脑",
    "内存容量": "8GB",
    "屏幕尺寸": "21.5英寸",
    "CPU": "i5",
    "价格区间": "小于5000",
    "系列": "宏碁 - 商祺",
    "商品名称": "宏碁（Acer）商祺SQX4270 660N",
    "系统": "Windows 10",
    "游戏性能": "入门级",
    "CPU型号": "i5-9400",
    "裸机重量": "6.62kg",
    "显卡类别": "集成显卡",
    "显卡型号": "其他",
    "特性": "",
    "色系": "",
    "待机时长": "",
    "硬盘容量": "1TB HDD",
    "价格": 3499.0
  },
  {
    "品牌": "宏碁",
    "产品类别": "台式机",
    "分类": "游戏电脑",
    "内存容量": "8GB",
    "屏幕尺寸": "无显示器",
    "CPU": "i7",
    "价格区间": "5000到10000",
    "系列": "宏碁 - 暗影骑士",
    "商品名称": "宏碁（Acer） 暗影骑士游戏台式机N50-N96",
    "系统": "Windows 10",
    "游戏性能": "发烧级",
    "CPU型号": "i7-9700",
    "裸机重量": "7.98kg",
    "显卡类别": "独立显卡",
    "显卡型号": "GTX1660Ti",
    "特性": "",
    "色系": "",
    "待机时长": "",
    "硬盘容量": "256GB SSD + 1TB HDD",
    "价格": 6086.0
  },
  {
    "品牌": "宏碁",
    "产品类别": "台式机",
    "分类": "游戏电脑",
    "内存容量": "16GB",
    "屏幕尺寸": "无显示器",
    "CPU": "i7",
    "价格区间": "15000到20000",
    "系列": "宏碁 - 掠夺者",
    "商品名称": "宏碁Predator PO9-600",
    "系统": "Windows 10",
    "游戏性能": "发烧级",
    "CPU型号": "i7-9700K",
    "裸机重量": "27.2kg",
    "显卡类别": "独立显卡",
    "显卡型号": "RTX2080",
    "特性": "",
    "色系": "",
    "待机时长": "",
    "硬盘容量": "512GB SSD + 2TB HDD",
    "价格": 19999.0
  },
  {
    "品牌": "宏碁",
    "产品类别": "台式机",
    "分类": "商用电脑",
    "内存容量": "8GB",
    "屏幕尺寸": "20-21.5英寸",
    "CPU": "i5",
    "价格区间": "小于5000",
    "系列": "宏碁 - 商祺",
    "商品名称": "宏碁（Acer）商祺SQX4270 666A",
    "系统": "Windows 10",
    "游戏性能": "入门级",
    "CPU型号": "i5-9400",
    "裸机重量": "6.74kg",
    "显卡类别": "独立显卡",
    "显卡型号": "GT730",
    "特性": "",
    "色系": "",
    "待机时长": "",
    "硬盘容量": "256GB SSD + 1TB HDD",
    "价格": 4499.0
  },
  {
    "品牌": "宏碁",
    "产品类别": "台式机",
    "分类": "商用电脑",
    "内存容量": "4GB",
    "屏幕尺寸": "无显示器",
    "CPU": "i5",
    "价格区间": "小于5000",
    "系列": "宏碁 - Veriton B",
    "商品名称": "宏碁（Acer）Veriton B430",
    "系统": "Windows 10",
    "游戏性能": "入门级",
    "CPU型号": "i5-7400",
    "裸机重量": "6.56kg",
    "显卡类别": "集成显卡",
    "显卡型号": "其他",
    "特性": "",
    "色系": "",
    "待机时长": "",
    "硬盘容量": "128GB SSD + 1TB HDD",
    "价格": 3899.0
  },
  {
    "品牌": "苹果",
    "产品类别": "笔记本",
    "分类": "轻薄本",
    "内存容量": "8GB",
    "屏幕尺寸": "13.3英寸",
    "CPU": "i5",
    "价格区间": "10000到15000",
    "系列": "MacBook Pro",
    "商品名称": "Apple 2019款 MacBook Pro 13.3",
    "系统": "Mac OS",
    "游戏性能": "入门级",
    "CPU型号": "Inter Core i5",
    "裸机重量": "1-1.5kg",
    "显卡类别": "集成显卡",
    "显卡型号": "其他",
    "特性": "背光键盘",
    "色系": "灰色系",
    "待机时长": "9小时以上",
    "硬盘容量": "256GB SSD",
    "价格": 10688.0
  },
  {
    "品牌": "苹果",
    "产品类别": "笔记本",
    "分类": "轻薄本",
    "内存容量": "8GB",
    "屏幕尺寸": "13.3英寸",
    "CPU": "i5",
    "价格区间": "5000到10000",
    "系列": "MacBook Air",
    "商品名称": "Apple 2019款 MacBook Air 13.3",
    "系统": "Mac OS",
    "游戏性能": "入门级",
    "CPU型号": "Inter Core i5",
    "裸机重量": "1-1.5kg",
    "显卡类别": "核芯显卡",
    "显卡型号": "其他",
    "特性": "背光键盘",
    "色系": "银色系",
    "待机时长": "9小时以上",
    "硬盘容量": "128GB SSD",
    "价格": 8278.0
  },
  {
    "品牌": "苹果",
    "产品类别": "笔记本",
    "分类": "常规笔记本",
    "内存容量": "16GB",
    "屏幕尺寸": "16英寸",
    "CPU": "i9",
    "价格区间": "大于20000",
    "系列": "MacBook Pro",
    "商品名称": "Apple 2019款 MacBook Pro 16英寸",
    "系统": "Mac OS",
    "游戏性能": "入门级",
    "CPU型号": "Inter Core i9",
    "裸机重量": "2kg",
    "显卡类别": "集成显卡",
    "显卡型号": "其他",
    "特性": "指纹识别，Type-c接口",
    "色系": "银色系",
    "待机时长": "9小时以上",
    "硬盘容量": "1TB SSD",
    "价格": 20688.0
  },
  {
    "品牌": "苹果",
    "产品类别": "一体机",
    "分类": "商用电脑",
    "内存容量": "8GB",
    "屏幕尺寸": "20-21.5英寸",
    "CPU": "i5",
    "价格区间": "10000到15000",
    "系列": "iMac",
    "商品名称": "APPLE苹果 2019新款iMac 21.5英寸",
    "系统": "Mac OS",
    "游戏性能": "入门级",
    "CPU型号": "Inter Core i5",
    "裸机重量": "6.5kg",
    "显卡类别": "集成显卡",
    "显卡型号": "其他",
    "特性": "",
    "色系": "银色系",
    "待机时长": "",
    "硬盘容量": "1TB SSD",
    "价格": 10288.0
  },
  {
    "品牌": "苹果",
    "产品类别": "一体机",
    "分类": "商用电脑",
    "内存容量": "8GB",
    "屏幕尺寸": "27英寸",
    "CPU": "i5",
    "价格区间": "10000到15000",
    "系列": "iMac",
    "商品名称": "APPLE苹果 2019新款iMac 27英寸",
    "系统": "Mac OS",
    "游戏性能": "入门级",
    "CPU型号": "Inter Core i5",
    "裸机重量": "9.44kg",
    "显卡类别": "集成显卡",
    "显卡型号": "其他",
    "特性": "",
    "色系": "银色系",
    "待机时长": "",
    "硬盘容量": "2TB SSD",
    "价格": 13688.0
  },
  {
    "品牌": "小米",
    "产品类别": "笔记本",
    "分类": "轻薄本",
    "内存容量": "8GB",
    "屏幕尺寸": "15.6英寸",
    "CPU": "i5",
    "价格区间": "5000到10000",
    "系列": "小米 - 笔记本",
    "商品名称": "小米（MI）笔记本Pro",
    "系统": "Windows 10",
    "游戏性能": "发烧级",
    "CPU型号": "i5-8250U",
    "裸机重量": "1.5-2kg",
    "显卡类别": "独立显卡",
    "显卡型号": "MX250",
    "特性": "背光键盘，指纹识别，快充",
    "色系": "灰色系",
    "待机时长": "7-9小时",
    "硬盘容量": "512GB SSD",
    "价格": 5129.0
  },
  {
    "品牌": "小米",
    "产品类别": "笔记本",
    "分类": "游戏本",
    "内存容量": "16GB",
    "屏幕尺寸": "15.6英寸",
    "CPU": "i7",
    "价格区间": "10000到15000",
    "系列": "小米 - 游戏本",
    "商品名称": "小米（MI）小米游戏本",
    "系统": "Windows 10",
    "游戏性能": "发烧级",
    "CPU型号": "i7-9750H",
    "裸机重量": "3.5kg",
    "显卡类别": "独立显卡",
    "显卡型号": "RTX2060",
    "特性": "背光键盘",
    "色系": "黑色系",
    "待机时长": "2-5小时",
    "硬盘容量": "512GB SSD",
    "价格": 10299.0
  },
  {
    "品牌": "小米",
    "产品类别": "笔记本",
    "分类": "轻薄本",
    "内存容量": "8GB",
    "屏幕尺寸": "14.0英寸",
    "CPU": "i7",
    "价格区间": "小于5000",
    "系列": "RedmiBook 14",
    "商品名称": "RedmiBook 14 增强版",
    "系统": "Windows 10",
    "游戏性能": "入门级",
    "CPU型号": "i7-10510U",
    "裸机重量": "1-1.5KG",
    "显卡类别": "独立显卡",
    "显卡型号": "MX250",
    "特性": "快充，机身厚度小于20mm",
    "色系": "银色系",
    "待机时长": "7-9小时",
    "硬盘容量": "512GB SSD",
    "价格": 4999.0
  },
  {
    "品牌": "小米",
    "产品类别": "笔记本",
    "分类": "常规笔记本",
    "内存容量": "8GB",
    "屏幕尺寸": "15.6英寸",
    "CPU": "i5",
    "价格区间": "小于5000",
    "系列": "小米 - 笔记本",
    "商品名称": "小米Ruby",
    "系统": "Windows 10",
    "游戏性能": "入门级",
    "CPU型号": "i5-8250U",
    "裸机重量": "2-2.5kg",
    "显卡类别": "独立显卡",
    "显卡型号": "MX110",
    "特性": "快充",
    "色系": "灰色系",
    "待机时长": "5-7小时",
    "硬盘容量": "512GB SSD",
    "价格": 4299.0
  },
  {
    "品牌": "小米",
    "产品类别": "笔记本",
    "分类": "轻薄本",
    "内存容量": "8GB",
    "屏幕尺寸": "13.3英寸",
    "CPU": "i5",
    "价格区间": "5000到10000",
    "系列": "小米 - Air",
    "商品名称": "小米Air13",
    "系统": "Windows 10",
    "游戏性能": "入门级",
    "CPU型号": "i5-8250U",
    "裸机重量": "1-1.5KG",
    "显卡类别": "独立显卡",
    "显卡型号": "MX250",
    "特性": "背光键盘，快充，Type-c接口",
    "色系": "银色系",
    "待机时长": "9小时以上",
    "硬盘容量": "512GB SSD",
    "价格": 5699.0
  }
]