[
  {
    "名称": "乐乐茶",
    "区域": "工业园区",
    "菜系": "面包甜点",
    "价位": "便宜",
    "是否地铁直达": "是",
    "人均消费": "44元",
    "地址": "星港街苏州中心商场北区B1层",
    "电话号码": "0512-66363836",
    "评分": 4.5,
    "营业时间": "周一至周日 10:00-22:00",
    "推荐菜": "星空流沙软包"
  },
  {
    "名称": "苏逅咖啡·花园餐厅",
    "区域": "吴中区",
    "菜系": "面包甜点",
    "价位": "中等",
    "是否地铁直达": "否",
    "人均消费": "58元",
    "地址": "石湖西路石湖景区南商业街",
    "电话号码": "0512-68210779",
    "评分": 4.8,
    "营业时间": "周一至周日 09:30-23:00",
    "推荐菜": "巧克力松饼"
  },
  {
    "名称": "狐狸家手工酸奶酪",
    "区域": "姑苏区",
    "菜系": "面包甜点",
    "价位": "便宜",
    "是否地铁直达": "是",
    "人均消费": "16元",
    "地址": "平江路256号(近白塔东路)",
    "电话号码": "139-1317-0170",
    "评分": 4.5,
    "营业时间": "周一至周日 10:00-19:00",
    "推荐菜": "手工酸奶"
  },
  {
    "名称": "采芝斋",
    "区域": "姑苏区",
    "菜系": "面包甜点",
    "价位": "便宜",
    "是否地铁直达": "是",
    "人均消费": "38元",
    "地址": "苏州市姑苏区观前街91号",
    "电话号码": "0512-67274512",
    "评分": 4.3,
    "营业时间": "周一至周日 08:30-21:30",
    "推荐菜": "酒酿饼"
  },
  {
    "名称": "芳芳法餐厅",
    "区域": "工业园区",
    "菜系": "面包甜点",
    "价位": "偏贵",
    "是否地铁直达": "是",
    "人均消费": "412元",
    "地址": "苏绣路68号苏州中心南区3楼B3-19",
    "电话号码": "0512-69881018",
    "评分": 4.5,
    "营业时间": "周一至周日 11:30-22:00",
    "推荐菜": "法式奶油蘑菇汤"
  },
  {
    "名称": "山崎面包",
    "区域": "高新区",
    "菜系": "面包甜点",
    "价位": "便宜",
    "是否地铁直达": "是",
    "人均消费": "26元",
    "地址": "长江路211号泉屋百货负一层",
    "电话号码": "0512-62396721",
    "评分": 4.6,
    "营业时间": "周一至周日 10:00-22:00",
    "推荐菜": "皇后土司"
  },
  {
    "名称": "闺蜜家",
    "区域": "吴江",
    "菜系": "面包甜点",
    "价位": "便宜",
    "是否地铁直达": "否",
    "人均消费": "23元",
    "地址": "西塘河路3号",
    "电话号码": "0512-63336664",
    "评分": 4.8,
    "营业时间": "周一至周日 09:30-21:30",
    "推荐菜": "蛋黄鲜肉月饼"
  },
  {
    "名称": "农乐园炭火烤肉",
    "区域": "姑苏区",
    "菜系": "韩国料理",
    "价位": "中等",
    "是否地铁直达": "是",
    "人均消费": "88元",
    "地址": "广济南路19号西城永捷大厦5楼A502室",
    "电话号码": "0512-68659822",
    "评分": 4.6,
    "营业时间": "周一至周日 11:00-14:00 16:30-21:30",
    "推荐菜": "石锅拌饭"
  },
  {
    "名称": "伴园私房菜",
    "区域": "姑苏区",
    "菜系": "江浙菜",
    "价位": "偏贵",
    "是否地铁直达": "否",
    "人均消费": "204元",
    "地址": "平江路北段传芳巷3号",
    "电话号码": "139-6217-0368",
    "评分": 4.7,
    "营业时间": "周一至周日 11:30-14:00 17:30-21:30",
    "推荐菜": "香煎玫瑰鱼"
  },
  {
    "名称": "松鹤楼",
    "区域": "姑苏区",
    "菜系": "江浙菜",
    "价位": "偏贵",
    "是否地铁直达": "是",
    "人均消费": "150元",
    "地址": "太监弄72号(近玄妙观)",
    "电话号码": "0512-67700688",
    "评分": 3.5,
    "营业时间": "周一至周日 11:00-13:30 17:00-20:30",
    "推荐菜": "松鼠桂鱼"
  },
  {
    "名称": "付小姐在成都",
    "区域": "姑苏区",
    "菜系": "川菜",
    "价位": "中等",
    "是否地铁直达": "否",
    "人均消费": "73元",
    "地址": "景德路与学士街交叉口苏州中医药博物馆旁",
    "电话号码": "0512-67299832",
    "评分": 4.6,
    "营业时间": "周一至周日 11:00-24:00",
    "推荐菜": "红糖糍粑"
  },
  {
    "名称": "老天桥蛙炉火锅",
    "区域": "姑苏区",
    "菜系": "火锅",
    "价位": "偏贵",
    "是否地铁直达": "否",
    "人均消费": "120元",
    "地址": "学士街54号",
    "电话号码": "0512-65816338",
    "评分": 4.6,
    "营业时间": "周一至周日 全天",
    "推荐菜": "牛蛙"
  },
  {
    "名称": "唐宫海鲜舫",
    "区域": "姑苏区",
    "菜系": "粤菜",
    "价位": "偏贵",
    "是否地铁直达": "是",
    "人均消费": "135元",
    "地址": "观前街245号美罗商城东楼5层",
    "电话号码": "0512-69168288",
    "评分": 4.6,
    "营业时间": "周一至周日 10:00-22:00",
    "推荐菜": "豉汁蒸凤爪"
  },
  {
    "名称": "北疆饭店",
    "区域": "姑苏区",
    "菜系": "西北菜",
    "价位": "便宜",
    "是否地铁直达": "是",
    "人均消费": "67元",
    "地址": "干将东路428号",
    "电话号码": "0512-67557020",
    "评分": 4.4,
    "营业时间": "周一至周日 10:00-22:00",
    "推荐菜": "新疆大盘鸡"
  },
  {
    "名称": "莉莉小炒",
    "区域": "姑苏区",
    "菜系": "东北菜",
    "价位": "便宜",
    "是否地铁直达": "否",
    "人均消费": "29元",
    "地址": "十梓街1号苏州大学西门",
    "电话号码": "180-1350-3488",
    "评分": 4.5,
    "营业时间": "周一至周日 08:00-21:00",
    "推荐菜": "回锅肉"
  },
  {
    "名称": "东吴面馆",
    "区域": "姑苏区",
    "菜系": "快餐简餐",
    "价位": "便宜",
    "是否地铁直达": "是",
    "人均消费": "18元",
    "地址": "桐泾北路22号",
    "电话号码": "0512-65707783",
    "评分": 4.7,
    "营业时间": "周一至周日 06:00-14:00 16:30-19:00",
    "推荐菜": "鸡汁大排面"
  },
  {
    "名称": "得月楼",
    "区域": "工业园区",
    "菜系": "江浙菜",
    "价位": "偏贵",
    "是否地铁直达": "否",
    "人均消费": "176元",
    "地址": "李公堤路22号",
    "电话号码": "0512-62656999",
    "评分": 4.3,
    "营业时间": "周一至周日 10:30-14:00 16:30-21:00",
    "推荐菜": "蟹粉豆腐"
  },
  {
    "名称": "万魚亭·鹤家日本料理铁板烧",
    "区域": "工业园区",
    "菜系": "日本料理",
    "价位": "偏贵",
    "是否地铁直达": "否",
    "人均消费": "177元",
    "地址": "星港街158号湖滨新天地湖滨楼1楼",
    "电话号码": "0512-67678177",
    "评分": 4.5,
    "营业时间": "周一至周日 10:00-15:00 17:00-22:30",
    "推荐菜": "三文鱼"
  },
  {
    "名称": "外婆家",
    "区域": "工业园区",
    "菜系": "江浙菜",
    "价位": "便宜",
    "是否地铁直达": "是",
    "人均消费": "63元",
    "地址": "工业园区旺墩路269号圆融购物中心4楼",
    "电话号码": "0512-62857757",
    "评分": 4.5,
    "营业时间": "周一至周日 11:00-14:00 16:30-21:00",
    "推荐菜": "外婆红烧肉"
  },
  {
    "名称": "王品牛排",
    "区域": "工业园区",
    "菜系": "西餐",
    "价位": "偏贵",
    "是否地铁直达": "是",
    "人均消费": "405元",
    "地址": "苏州大道东与华池街交叉口新光天地2层",
    "电话号码": "0512-62567071",
    "评分": 4.6,
    "营业时间": "周一至周日 11:30-14:00 17:30-21:00",
    "推荐菜": "台塑牛排"
  },
  {
    "名称": "海底捞火锅",
    "区域": "工业园区",
    "菜系": "火锅",
    "价位": "偏贵",
    "是否地铁直达": "否",
    "人均消费": "127元",
    "地址": "苏雅路318号赛格数码四楼",
    "电话号码": "0512-67603337",
    "评分": 4.8,
    "营业时间": "周一至周日 09:00-07:00",
    "推荐菜": "番茄锅"
  },
  {
    "名称": "西贝莜面村",
    "区域": "工业园区",
    "菜系": "西北菜",
    "价位": "中等",
    "是否地铁直达": "是",
    "人均消费": "92元",
    "地址": "旺墩路269号圆融星座购物中心4F",
    "电话号码": "400-8207320",
    "评分": 4.6,
    "营业时间": "周一至周日 10:30-21:30",
    "推荐菜": "牛大骨"
  },
  {
    "名称": "臻品粤茶餐厅",
    "区域": "工业园区",
    "菜系": "粤菜",
    "价位": "中等",
    "是否地铁直达": "是",
    "人均消费": "99元",
    "地址": "苏绣路368号天翔花园133号",
    "电话号码": "0512-62568777",
    "评分": 4.4,
    "营业时间": "周一至周日 10:30-21:30",
    "推荐菜": "烧鹅"
  },
  {
    "名称": "江边城外烤全鱼",
    "区域": "工业园区",
    "菜系": "川菜",
    "价位": "中等",
    "是否地铁直达": "是",
    "人均消费": "90元",
    "地址": "旺墩路269号星座上午广场",
    "电话号码": "0512-67634656",
    "评分": 4.3,
    "营业时间": "周一至周日 10:30-22:00",
    "推荐菜": "怪味烤鱼"
  },
  {
    "名称": "青鹤谷",
    "区域": "工业园区",
    "菜系": "韩国料理",
    "价位": "偏贵",
    "是否地铁直达": "否",
    "人均消费": "154元",
    "地址": "李公堤三期21幢",
    "电话号码": "0512-67635689",
    "评分": 4.8,
    "营业时间": "周一至周日 11:30-21:00",
    "推荐菜": "泡菜饼"
  },
  {
    "名称": "鑫花溪牛肉米粉",
    "区域": "工业园区",
    "菜系": "快餐简餐",
    "价位": "便宜",
    "是否地铁直达": "否",
    "人均消费": "24元",
    "地址": "后戴街9号时尚舞台2楼",
    "电话号码": "0512-62811808",
    "评分": 4.6,
    "营业时间": "周一至周日 09:00-20:00",
    "推荐菜": "招聘牛杂粉"
  },
  {
    "名称": "好人民间小吃",
    "区域": "吴中区",
    "菜系": "快餐简餐",
    "价位": "便宜",
    "是否地铁直达": "是",
    "人均消费": "42元",
    "地址": "金山路47-1号(木渎天虹商场B1层B1001-2号)",
    "电话号码": "0512-83989318",
    "评分": 4.5,
    "营业时间": "周一至周日 10:00-20:30",
    "推荐菜": "无刺酸菜鱼"
  },
  {
    "名称": "老枫庭",
    "区域": "吴中区",
    "菜系": "江浙菜",
    "价位": "中等",
    "是否地铁直达": "否",
    "人均消费": "94元",
    "地址": "木渎灵天路55号芭提雅休闲娱乐广场5号楼",
    "电话号码": "0512-66277557",
    "评分": 4.6,
    "营业时间": "周一至周日 11:00-13:30 17:00-20:30",
    "推荐菜": "松鼠桂鱼"
  },
  {
    "名称": "羊关故人",
    "区域": "吴中区",
    "菜系": "西北菜",
    "价位": "中等",
    "是否地铁直达": "否",
    "人均消费": "87元",
    "地址": "九华路128号华润万家旁边电梯三楼",
    "电话号码": "0512-65074650",
    "评分": 4.8,
    "营业时间": "周一至周日 10:00-22:00",
    "推荐菜": "葱爆羊肚"
  },
  {
    "名称": "四川香天下火锅",
    "区域": "吴中区",
    "菜系": "火锅",
    "价位": "中等",
    "是否地铁直达": "否",
    "人均消费": "97元",
    "地址": "苏州吴中经济开发区越溪街道吴中大道1109号1幢1楼",
    "电话号码": "0512-66171777",
    "评分": 4.4,
    "营业时间": "周一至周日 11:00-23:30",
    "推荐菜": "雪花肥牛"
  },
  {
    "名称": "壹加回转寿司",
    "区域": "吴中区",
    "菜系": "日本料理",
    "价位": "便宜",
    "是否地铁直达": "否",
    "人均消费": "58元",
    "地址": "越溪苏震桃路188号永旺梦乐城1层",
    "电话号码": "0512-65884527",
    "评分": 4.4,
    "营业时间": "周一至周日 10:00-22:00",
    "推荐菜": "法式鹅肝"
  },
  {
    "名称": "奶酪时光",
    "区域": "吴中区",
    "菜系": "西餐",
    "价位": "中等",
    "是否地铁直达": "是",
    "人均消费": "85元",
    "地址": "木渎影视城13号楼一层",
    "电话号码": "0512-67087949",
    "评分": 4.7,
    "营业时间": "周一至周日 09:30-21:00",
    "推荐菜": "肉酱意面"
  },
  {
    "名称": "汉城韩国料理",
    "区域": "吴中区",
    "菜系": "韩国料理",
    "价位": "中等",
    "是否地铁直达": "是",
    "人均消费": "81元",
    "地址": "宝带东路399号丽丰广场一楼",
    "电话号码": "139-1359-2929",
    "评分": 4.7,
    "营业时间": "周一至周日 10:30-21:00",
    "推荐菜": "石锅拌饭"
  },
  {
    "名称": "东北饭庄",
    "区域": "吴中区",
    "菜系": "东北菜",
    "价位": "便宜",
    "是否地铁直达": "否",
    "人均消费": "49元",
    "地址": "胥市街与中市街交叉口附近",
    "电话号码": "0512-66310773",
    "评分": 4.3,
    "营业时间": "周一至周日 10:30-21:00",
    "推荐菜": "锅包肉"
  },
  {
    "名称": "巴蜀传香",
    "区域": "高新区",
    "菜系": "川菜",
    "价位": "中等",
    "是否地铁直达": "是",
    "人均消费": "75元",
    "地址": "高新区塔园路162号",
    "电话号码": "0512-68249987",
    "评分": 4.3,
    "营业时间": "周一至周日 10:30-01:00",
    "推荐菜": "剁椒鱼头"
  },
  {
    "名称": "熬八年火锅",
    "区域": "高新区",
    "菜系": "火锅",
    "价位": "偏贵",
    "是否地铁直达": "是",
    "人均消费": "127元",
    "地址": "狮山路298号苏州金鹰国际广场6楼",
    "电话号码": "0512-68783880",
    "评分": 4.2,
    "营业时间": "周一至周日 11:00-22:00",
    "推荐菜": "手工虾滑"
  },
  {
    "名称": "桃花源记",
    "区域": "高新区",
    "菜系": "江浙菜",
    "价位": "便宜",
    "是否地铁直达": "是",
    "人均消费": "31元",
    "地址": "长江路211号泉屋百货负一层",
    "电话号码": "0512-68207978",
    "评分": 4.5,
    "营业时间": "周一至周日 10:00-21:30",
    "推荐菜": "木桶豆腐花"
  },
  {
    "名称": "金色三麦精酿啤酒餐厅",
    "区域": "高新区",
    "菜系": "西餐",
    "价位": "偏贵",
    "是否地铁直达": "否",
    "人均消费": "179元",
    "地址": "狮山路35号金河国际大厦4楼",
    "电话号码": "0512-66655909",
    "评分": 4.6,
    "营业时间": "周一至周日 11:00-24:00",
    "推荐菜": "披萨"
  },
  {
    "名称": "知味日本料理",
    "区域": "高新区",
    "菜系": "日本料理",
    "价位": "偏贵",
    "是否地铁直达": "否",
    "人均消费": "215元",
    "地址": "淮海街11号",
    "电话号码": "0512-68618677",
    "评分": 4.5,
    "营业时间": "周一至周日 11:00-14:00 16:00-22:00",
    "推荐菜": "三文鱼"
  },
  {
    "名称": "多多旺港式茶餐厅",
    "区域": "高新区",
    "菜系": "粤菜",
    "价位": "便宜",
    "是否地铁直达": "否",
    "人均消费": "65元",
    "地址": "狮山路215号吴宫丽都商业街1楼",
    "电话号码": "0512-68788933",
    "评分": 4.4,
    "营业时间": "周一至周日 09:30-02:00",
    "推荐菜": "海鲜粥"
  },
  {
    "名称": "八色烤肉",
    "区域": "高新区",
    "菜系": "韩国料理",
    "价位": "中等",
    "是否地铁直达": "是",
    "人均消费": "103元",
    "地址": "长江路绿宝广场绿宝步行街二期1层7幢113",
    "电话号码": "0512-62919949",
    "评分": 4.2,
    "营业时间": "周一至周日 10:00-22:00",
    "推荐菜": "辛拉面"
  },
  {
    "名称": "小杨生煎",
    "区域": "高新区",
    "菜系": "快餐简餐",
    "价位": "便宜",
    "是否地铁直达": "是",
    "人均消费": "20元",
    "地址": "高新区长江路211号",
    "电话号码": "0512-68799751",
    "评分": 4.5,
    "营业时间": "周一至周日 10:00-22:00",
    "推荐菜": "虾仁生煎"
  },
  {
    "名称": "关之北",
    "区域": "高新区",
    "菜系": "东北菜",
    "价位": "便宜",
    "是否地铁直达": "否",
    "人均消费": "58元",
    "地址": "城际路19号永旺梦乐城2楼",
    "电话号码": "0512-62917283",
    "评分": 4.3,
    "营业时间": "周一至周日 10:30-22:00",
    "推荐菜": "酱骨头"
  },
  {
    "名称": "五芳斋",
    "区域": "吴江",
    "菜系": "快餐简餐",
    "价位": "便宜",
    "是否地铁直达": "否",
    "人均消费": "33元",
    "地址": "吴江流虹路和鲈乡南路交叉口",
    "电话号码": "0512-63575791",
    "评分": 4.6,
    "营业时间": "周一至周日 07:30-20:30",
    "推荐菜": "蛋黄肉粽"
  },
  {
    "名称": "严厨老坛酸菜鱼",
    "区域": "吴江",
    "菜系": "川菜",
    "价位": "中等",
    "是否地铁直达": "否",
    "人均消费": "80元",
    "地址": "横港路中青年服饰对面",
    "电话号码": "0512-86876178",
    "评分": 4.6,
    "营业时间": "周一至周日 10:00-21:00",
    "推荐菜": "四川担担面"
  },
  {
    "名称": "重庆德庄火锅直营店",
    "区域": "吴江",
    "菜系": "火锅",
    "价位": "偏贵",
    "是否地铁直达": "否",
    "人均消费": "130元",
    "地址": "松陵万宝广场三楼S3015",
    "电话号码": "0512-88982265",
    "评分": 4.5,
    "营业时间": "周一至周日 10:00-22:00",
    "推荐菜": "手工虾滑"
  },
  {
    "名称": "同里老家",
    "区域": "吴江",
    "菜系": "江浙菜",
    "价位": "中等",
    "是否地铁直达": "否",
    "人均消费": "87元",
    "地址": "同里镇环湖西路318号",
    "电话号码": "0512-63339777",
    "评分": 4.5,
    "营业时间": "周一至周日 10:00-22:00",
    "推荐菜": "太湖三白"
  },
  {
    "名称": "牛炭家本格炭火烤肉",
    "区域": "吴江",
    "菜系": "日本料理",
    "价位": "中等",
    "是否地铁直达": "否",
    "人均消费": "90元",
    "地址": "汾湖经济开发区芦莘大道1066号",
    "电话号码": "0512-63263679",
    "评分": 4.6,
    "营业时间": "周一至周日 11:00-22:00",
    "推荐菜": "三文鱼寿司"
  },
  {
    "名称": "周庄花间堂桔梗餐厅",
    "区域": "昆山",
    "菜系": "江浙菜",
    "价位": "中等",
    "是否地铁直达": "否",
    "人均消费": "98元",
    "地址": "周庄镇中市街110号景点迷楼北10米",
    "电话号码": "138-1289-9961",
    "评分": 4.5,
    "营业时间": "周一至周日 07:00-20:30",
    "推荐菜": "银鱼炒蛋"
  },
  {
    "名称": "蟹王酒楼",
    "区域": "常熟",
    "菜系": "江浙菜",
    "价位": "便宜",
    "是否地铁直达": "否",
    "人均消费": "60元",
    "地址": "芦苇荡路风景区停车场旁",
    "电话号码": "0512-52507977",
    "评分": 4.8,
    "营业时间": "周一至周日 08:00-20:00",
    "推荐菜": "大闸蟹"
  }
]