[
  {
    "制片国家/地区": "中国大陆",
    "类型": "剧情片",
    "年代": "2010年代",
    "主演": "张若昀",
    "导演": "孙皓",
    "片名": "庆余年",
    "主演名单": "张若昀 / 李沁 / 陈道明 / 吴刚",
    "首播时间": "2019-11-26(中国大陆)",
    "集数": "46集",
    "单集片长": "45分钟",
    "豆瓣评分": 7.9
  },
  {
    "制片国家/地区": "中国大陆",
    "类型": "剧情片",
    "年代": "2000年代",
    "主演": "孙红雷",
    "导演": "姜伟",
    "片名": "潜伏",
    "主演名单": "孙红雷 / 姚晨 / 沈傲君 / 祖峰",
    "首播时间": "2009-04-01(中国大陆)",
    "集数": "30集",
    "单集片长": "40分钟",
    "豆瓣评分": 9.3
  },
  {
    "制片国家/地区": "中国大陆",
    "类型": "剧情片",
    "年代": "90年代",
    "主演": "唐国强",
    "导演": "王扶林",
    "片名": "三国演义",
    "主演名单": "唐国强 / 孙彦军 / 鲍国安 / 李靖飞",
    "首播时间": "1994-10-23(中国大陆)",
    "集数": "84集",
    "单集片长": "45分钟",
    "豆瓣评分": 9.4
  },
  {
    "制片国家/地区": "中国大陆",
    "类型": "剧情片",
    "年代": "80年代",
    "主演": "六小龄童",
    "导演": "杨洁",
    "片名": "西游记",
    "主演名单": "六小龄童 / 迟重瑞 / 马德华 / 汪粤",
    "首播时间": "1986-02(中国大陆)",
    "集数": "25集",
    "单集片长": "45分钟",
    "豆瓣评分": 9.6
  },
  {
    "制片国家/地区": "中国大陆",
    "类型": "喜剧片",
    "年代": "2010年代",
    "主演": "霍建华",
    "导演": "李国立",
    "片名": "怪侠一枝梅",
    "主演名单": "霍建华 / 刘诗诗 / 马天宇 / 释彦能",
    "首播时间": "2010-12-22(中国大陆)",
    "集数": "30集",
    "单集片长": "45分钟",
    "豆瓣评分": 8.4
  },
  {
    "制片国家/地区": "中国大陆",
    "类型": "喜剧片",
    "年代": "2000年代",
    "主演": "闫妮",
    "导演": "尚敬",
    "片名": "武林外传",
    "主演名单": "闫妮 / 姚晨 / 沙溢 / 喻恩泰",
    "首播时间": "2006-01-02(中国大陆)",
    "集数": "80集",
    "单集片长": "40分钟",
    "豆瓣评分": 9.5
  },
  {
    "制片国家/地区": "中国大陆",
    "类型": "喜剧片",
    "年代": "90年代",
    "主演": "文兴宇",
    "导演": "英达",
    "片名": "我爱我家",
    "主演名单": "文兴宇 / 宋丹丹 / 杨立新 / 梁天",
    "首播时间": "1993-07-01(中国大陆)",
    "集数": "120集",
    "单集片长": "30分钟",
    "豆瓣评分": 9.3
  },
  {
    "制片国家/地区": "中国大陆",
    "类型": "喜剧片",
    "年代": "80年代",
    "主演": "游本昌",
    "导演": "张戈",
    "片名": "济公",
    "主演名单": "游本昌 / 吕凉",
    "首播时间": "1985(中国大陆)",
    "集数": "12集",
    "单集片长": "45分钟",
    "豆瓣评分": 8.3
  },
  {
    "制片国家/地区": "中国大陆",
    "类型": "动作片",
    "年代": "2010年代",
    "主演": "胡歌",
    "导演": "蒋家骏",
    "片名": "神话",
    "主演名单": "胡歌 / 白冰 / 张世 / 任泉",
    "首播时间": "2010-01-02(中国大陆)",
    "集数": "50集",
    "单集片长": "46分钟",
    "豆瓣评分": 7.3
  },
  {
    "制片国家/地区": "中国大陆",
    "类型": "动作片",
    "年代": "2000年代",
    "主演": "胡军",
    "导演": "鞠觉亮",
    "片名": "天龙八部",
    "主演名单": "胡军 / 林志颖 / 高虎 / 修庆",
    "首播时间": "2003-12-11(中国大陆)",
    "集数": "40集",
    "单集片长": "42分钟",
    "豆瓣评分": 8.3
  },
  {
    "制片国家/地区": "中国大陆",
    "类型": "动作片",
    "年代": "90年代",
    "主演": "吴京",
    "导演": "袁和平",
    "片名": "太极宗师",
    "主演名单": "吴京 / 于海 / 惠英红 / 周比利",
    "首播时间": "1998(中国大陆)",
    "集数": "28集",
    "单集片长": "40分钟",
    "豆瓣评分": 8.2
  },
  {
    "制片国家/地区": "中国大陆",
    "类型": "爱情片",
    "年代": "2010年代",
    "主演": "刘昊然",
    "导演": "刘畅",
    "片名": "最好的我们",
    "主演名单": "刘昊然 / 谭松韵 / 王栎鑫 / 董晴",
    "首播时间": "2016-04-08(中国大陆)",
    "集数": "24集",
    "单集片长": "45分钟",
    "豆瓣评分": 8.9
  },
  {
    "制片国家/地区": "中国大陆",
    "类型": "爱情片",
    "年代": "2000年代",
    "主演": "赵薇",
    "导演": "李平",
    "片名": "情深深雨濛濛",
    "主演名单": "赵薇 / 林心如 / 古巨基 / 苏有朋",
    "首播时间": "2001-09-03(中国大陆)",
    "集数": "46集",
    "单集片长": "40分钟",
    "豆瓣评分": 7.2
  },
  {
    "制片国家/地区": "中国大陆",
    "类型": "爱情片",
    "年代": "90年代",
    "主演": "赵薇",
    "导演": "孙树培",
    "片名": "还珠格格",
    "主演名单": "赵薇 / 苏有朋 / 林心如 / 周杰",
    "首播时间": "1998-10-28(中国大陆)",
    "集数": "24集",
    "单集片长": "45分钟",
    "豆瓣评分": 8.4
  },
  {
    "制片国家/地区": "中国大陆",
    "类型": "爱情片",
    "年代": "80年代",
    "主演": "欧阳奋强",
    "导演": "王扶林",
    "片名": "红楼梦",
    "主演名单": "欧阳奋强 / 陈晓旭 / 邓婕 / 张莉",
    "首播时间": "1987-05-02(中国大陆)",
    "集数": "36集",
    "单集片长": "45分钟",
    "豆瓣评分": 9.6
  },
  {
    "制片国家/地区": "中国大陆",
    "类型": "科幻片",
    "年代": "2010年代",
    "主演": "刘畅",
    "导演": "老算",
    "片名": "疯人院",
    "主演名单": "刘畅 / 卢杉 / 梅婷 / 刘敏涛",
    "首播时间": "2018-08-09(中国大陆)",
    "集数": "24集",
    "单集片长": "50分钟",
    "豆瓣评分": 7.7
  },
  {
    "制片国家/地区": "中国大陆",
    "类型": "科幻片",
    "年代": "2000年代",
    "主演": "李瑞",
    "导演": "张惠民",
    "片名": "快乐星球",
    "主演名单": "李瑞 / 邢凯轩 / 王新博 / 李雪",
    "首播时间": "2004-08-04(中国大陆)",
    "集数": "52集",
    "单集片长": "48分钟",
    "豆瓣评分": 8.3
  },
  {
    "制片国家/地区": "中国大陆",
    "类型": "悬疑片",
    "年代": "2010年代",
    "主演": "潘粤明",
    "导演": "王伟",
    "片名": "白夜追凶",
    "主演名单": "潘粤明 / 王泷正 / 梁缘 / 吕晓霖",
    "首播时间": "2017-08-30(中国大陆)",
    "集数": "32集",
    "单集片长": "45分钟",
    "豆瓣评分": 9.0
  },
  {
    "制片国家/地区": "中国大陆",
    "类型": "悬疑片",
    "年代": "2000年代",
    "主演": "周杰",
    "导演": "胡明凯",
    "片名": "少年包青天",
    "主演名单": "周杰 / 释小龙 / 任泉 / 李冰冰",
    "首播时间": "2000-09-04(中国大陆)",
    "集数": "40集",
    "单集片长": "45分钟",
    "豆瓣评分": 8.3
  },
  {
    "制片国家/地区": "中国大陆",
    "类型": "犯罪片",
    "年代": "2010年代",
    "主演": "陆毅",
    "导演": "李路",
    "片名": "人民的名义",
    "主演名单": "陆毅 / 柯蓝 / 张丰毅 / 吴刚",
    "首播时间": "2017-03-28(中国大陆)",
    "集数": "52集",
    "单集片长": "55分钟",
    "豆瓣评分": 8.3
  },
  {
    "制片国家/地区": "中国大陆",
    "类型": "犯罪片",
    "年代": "2000年代",
    "主演": "王志飞",
    "导演": "姜伟",
    "片名": "沉默的证人",
    "主演名单": "王志飞 / 林熙越 / 董勇 / 曾黎",
    "首播时间": "2004-10-01(中国大陆)",
    "集数": "25集",
    "单集片长": "43分钟",
    "豆瓣评分": 8.9
  },
  {
    "制片国家/地区": "中国台湾",
    "类型": "剧情片",
    "年代": "2010年代",
    "主演": "贾静雯",
    "导演": "林君阳",
    "片名": "我们与恶的距离",
    "主演名单": "贾静雯 / 温升豪 / 吴慷仁 / 周采诗",
    "首播时间": "2019-03-24(中国台湾)",
    "集数": "10集",
    "单集片长": "55分钟",
    "豆瓣评分": 9.5
  },
  {
    "制片国家/地区": "中国台湾",
    "类型": "剧情片",
    "年代": "2000年代",
    "主演": "杜德伟",
    "导演": "陈俊良",
    "片名": "第八号当铺",
    "主演名单": "杜德伟 / 天心 / 郑家榆 / 林韦君",
    "首播时间": "2003-10-07(中国台湾)",
    "集数": "116集",
    "单集片长": "45分钟",
    "豆瓣评分": 7.9
  },
  {
    "制片国家/地区": "中国台湾",
    "类型": "剧情片",
    "年代": "90年代",
    "主演": "马景涛",
    "导演": "赖水清",
    "片名": "倚天屠龙记",
    "主演名单": "马景涛 / 叶童 / 周海媚 / 孙兴",
    "首播时间": "1994-03-10(中国台湾)",
    "集数": "64集",
    "单集片长": "50分钟",
    "豆瓣评分": 7.8
  },
  {
    "制片国家/地区": "中国台湾",
    "类型": "喜剧片",
    "年代": "2010年代",
    "主演": "谢盈萱",
    "导演": "严艺文",
    "片名": "俗女养成记",
    "主演名单": "谢盈萱 / 温升豪 / 蓝苇华 / 吴以涵",
    "首播时间": "2019-08-04(中国台湾)",
    "集数": "10集",
    "单集片长": "50分钟",
    "豆瓣评分": 9.1
  },
  {
    "制片国家/地区": "中国台湾",
    "类型": "喜剧片",
    "年代": "2000年代",
    "主演": "郑元畅",
    "导演": "瞿友宁",
    "片名": "恶作剧之吻",
    "主演名单": "郑元畅 / 林依晨 / 赵咏华 / 唐从圣",
    "首播时间": "2005-09-25(中国台湾)",
    "集数": "20集",
    "单集片长": "68分钟",
    "豆瓣评分": 8.9
  },
  {
    "制片国家/地区": "中国台湾",
    "类型": "喜剧片",
    "年代": "90年代",
    "主演": "林以真",
    "导演": "伍宗德",
    "片名": "家有仙妻",
    "主演名单": "林以真 / 澎恰恰 / 孙兴 / 白冰冰",
    "首播时间": "1991-04-23(中国台湾)",
    "集数": "40集",
    "单集片长": "40分钟",
    "豆瓣评分": 8.2
  },
  {
    "制片国家/地区": "中国台湾",
    "类型": "动作片",
    "年代": "2010年代",
    "主演": "史艳文",
    "导演": "黃立綱",
    "片名": "天地风云录之决战时刻",
    "主演名单": "史艳文 / 藏镜人 / 神蛊温皇",
    "首播时间": "2012-06-27(中国台湾)",
    "集数": "20集",
    "单集片长": "58分钟",
    "豆瓣评分": 9.5
  },
  {
    "制片国家/地区": "中国台湾",
    "类型": "动作片",
    "年代": "2000年代",
    "主演": "张卫健",
    "导演": "梁德龙",
    "片名": "少年张三丰",
    "主演名单": "张卫健 / 李冰冰 / 李小璐 / 苏有朋",
    "首播时间": "2001-03-14(中国台湾)",
    "集数": "40集",
    "单集片长": "45分钟",
    "豆瓣评分": 7.3
  },
  {
    "制片国家/地区": "中国台湾",
    "类型": "动作片",
    "年代": "90年代",
    "主演": "袁咏仪",
    "导演": "赖水清",
    "片名": "花木兰",
    "主演名单": "袁咏仪 / 赵文卓 / 孙兴 / 钮承泽",
    "首播时间": "1999-06-28(中国台湾)",
    "集数": "48集",
    "单集片长": "45分钟",
    "豆瓣评分": 7.4
  },
  {
    "制片国家/地区": "中国台湾",
    "类型": "爱情片",
    "年代": "2010年代",
    "主演": "柯佳嬿",
    "导演": "黄天仁",
    "片名": "想见你",
    "主演名单": "柯佳嬿 / 许光汉 / 施柏宇 / 颜毓麟",
    "首播时间": "2019-11-17(中国台湾)",
    "集数": "13集",
    "单集片长": "72分钟",
    "豆瓣评分": 9.2
  },
  {
    "制片国家/地区": "中国台湾",
    "类型": "爱情片",
    "年代": "2000年代",
    "主演": "徐熙媛",
    "导演": "蔡岳勋",
    "片名": "流星花园",
    "主演名单": "徐熙媛 / 言承旭 / 周渝民 / 朱孝天",
    "首播时间": "2001-04-21(中国台湾)",
    "集数": "20集",
    "单集片长": "45分钟",
    "豆瓣评分": 8.2
  },
  {
    "制片国家/地区": "中国台湾",
    "类型": "爱情片",
    "年代": "90年代",
    "主演": "赵雅芝",
    "导演": "夏祖辉",
    "片名": "新白娘子传奇",
    "主演名单": "赵雅芝 / 叶童 / 陈美琪 / 石乃文",
    "首播时间": "1992-11-15(中国台湾)",
    "集数": "50集",
    "单集片长": "49分钟",
    "豆瓣评分": 9.1
  },
  {
    "制片国家/地区": "中国台湾",
    "类型": "科幻片",
    "年代": "2010年代",
    "主演": "柯素云",
    "导演": "陈慧翎",
    "片名": "你的孩子不是你的孩子",
    "主演名单": "柯素云 / 刘子铨 / 曾少宗 / 凌心妤",
    "首播时间": "2018-07-07(中国台湾)",
    "集数": "10集",
    "单集片长": "50分钟",
    "豆瓣评分": 8.4
  },
  {
    "制片国家/地区": "中国台湾",
    "类型": "科幻片",
    "年代": "2000年代",
    "主演": "胡宇崴",
    "导演": "廖斐鸿",
    "片名": "终极三国",
    "主演名单": "胡宇崴 / 林伯彦 / 班杰 / 李绍祥",
    "首播时间": "2009-02-27(中国台湾)",
    "集数": "53集",
    "单集片长": "72分钟",
    "豆瓣评分": 7.8
  },
  {
    "制片国家/地区": "中国台湾",
    "类型": "悬疑片",
    "年代": "2010年代",
    "主演": "郭书瑶",
    "导演": "陈和榆",
    "片名": "通灵少女",
    "主演名单": "郭书瑶 / 蔡凡熙 / 陈慕义 / 郑茵声",
    "首播时间": "2017-04-02(中国台湾)",
    "集数": "6集",
    "单集片长": "45分钟",
    "豆瓣评分": 7.6
  },
  {
    "制片国家/地区": "中国台湾",
    "类型": "悬疑片",
    "年代": "2000年代",
    "主演": "炎亚纶",
    "导演": "林清振",
    "片名": "霹雳MIT",
    "主演名单": "炎亚纶 / 黄鸿升 / 陆廷威 / 吴映洁",
    "首播时间": "2008-11-07(中国台湾)",
    "集数": "16集",
    "单集片长": "50分钟",
    "豆瓣评分": 7.6
  },
  {
    "制片国家/地区": "中国台湾",
    "类型": "犯罪片",
    "年代": "2010年代",
    "主演": "庄凯勋",
    "导演": "张亨如",
    "片名": "噬罪者",
    "主演名单": "庄凯勋 / 夏于乔 / 曹晏豪 / 蔡淑臻",
    "首播时间": "2019-06-08(中国台湾)",
    "集数": "13集",
    "单集片长": "50分钟",
    "豆瓣评分": 8.0
  },
  {
    "制片国家/地区": "中国台湾",
    "类型": "犯罪片",
    "年代": "2000年代",
    "主演": "周渝民",
    "导演": "蔡岳勋",
    "片名": "痞子英雄",
    "主演名单": "周渝民 / 赵又廷 / 陈意涵 / 张钧甯",
    "首播时间": "2009-04-11(中国台湾)",
    "集数": "24集",
    "单集片长": "50分钟",
    "豆瓣评分": 8.1
  },
  {
    "制片国家/地区": "中国香港",
    "类型": "剧情片",
    "年代": "2010年代",
    "主演": "苗侨伟",
    "导演": "文伟鸿",
    "片名": "使徒行者",
    "主演名单": "苗侨伟 / 佘诗曼 / 林峯 / 沈震轩",
    "首播时间": "2014-08-25(中国香港)",
    "集数": "30集",
    "单集片长": "45分钟",
    "豆瓣评分": 8.3
  },
  {
    "制片国家/地区": "中国香港",
    "类型": "剧情片",
    "年代": "2000年代",
    "主演": "欧阳震华",
    "导演": "梅小青",
    "片名": "法证先锋",
    "主演名单": "欧阳震华 / 林文龙 / 蒙嘉慧 / 钟嘉欣",
    "首播时间": "2006-06-13(中国香港)",
    "集数": "25集",
    "单集片长": "45分钟",
    "豆瓣评分": 8.5
  },
  {
    "制片国家/地区": "中国香港",
    "类型": "剧情片",
    "年代": "90年代",
    "主演": "陈小春",
    "导演": "李添胜",
    "片名": "鹿鼎记",
    "主演名单": "陈小春 / 马浚伟 / 刘玉翠 / 梁小冰",
    "首播时间": "1998-06-01(中国香港)",
    "集数": "45集",
    "单集片长": "45分钟",
    "豆瓣评分": 8.8
  },
  {
    "制片国家/地区": "中国香港",
    "类型": "剧情片",
    "年代": "80年代",
    "主演": "周润发",
    "导演": "招振强",
    "片名": "上海滩",
    "主演名单": "周润发 / 赵雅芝 / 吕良伟 / 刘丹",
    "首播时间": "1980-03-10(中国香港)",
    "集数": "25集",
    "单集片长": "45分钟",
    "豆瓣评分": 9.0
  },
  {
    "制片国家/地区": "中国香港",
    "类型": "喜剧片",
    "年代": "2010年代",
    "主演": "欧阳震华",
    "导演": "方骏钊",
    "片名": "一屋老友记",
    "主演名单": "欧阳震华 / 胡定欣 / 罗兰 / 胡枫",
    "首播时间": "2016-06-27(中国香港)",
    "集数": "31集",
    "单集片长": "43分钟",
    "豆瓣评分": 8.3
  },
  {
    "制片国家/地区": "中国香港",
    "类型": "喜剧片",
    "年代": "2000年代",
    "主演": "古天乐",
    "导演": "石铭泉",
    "片名": "寻秦记",
    "主演名单": "古天乐 / 江华 / 宣萱 / 郭羡妮",
    "首播时间": "2001-10-15(中国香港)",
    "集数": "40集",
    "单集片长": "45分钟",
    "豆瓣评分": 8.4
  },
  {
    "制片国家/地区": "中国香港",
    "类型": "喜剧片",
    "年代": "90年代",
    "主演": "陈浩民",
    "导演": "刘仕裕",
    "片名": "天地争霸美猴王",
    "主演名单": "陈浩民 / 江华 / 黎耀祥 / 麦长青",
    "首播时间": "1998-10-26(中国香港)",
    "集数": "42集",
    "单集片长": "45分钟",
    "豆瓣评分": 7.8
  },
  {
    "制片国家/地区": "中国香港",
    "类型": "动作片",
    "年代": "2010年代",
    "主演": "黄宗泽",
    "导演": "庄伟建",
    "片名": "潜行狙击",
    "主演名单": "黄宗泽 / 谢天华 / 陈法拉 / 徐子珊",
    "首播时间": "2011-08-01(中国香港)",
    "集数": "30集",
    "单集片长": "45分钟",
    "豆瓣评分": 8.5
  },
  {
    "制片国家/地区": "中国香港",
    "类型": "动作片",
    "年代": "2000年代",
    "主演": "陈浩民",
    "导演": "刘仕裕",
    "片名": "封神榜",
    "主演名单": "陈浩民 / 温碧霞 / 钱嘉乐 / 苑琼丹",
    "首播时间": "2001-07-23(中国香港)",
    "集数": "40集",
    "单集片长": "45分钟",
    "豆瓣评分": 8.1
  },
  {
    "制片国家/地区": "中国香港",
    "类型": "动作片",
    "年代": "90年代",
    "主演": "甄子丹",
    "导演": "陈木胜",
    "片名": "精武门",
    "主演名单": "甄子丹 / 万绮雯 / 林志豪",
    "首播时间": "1995-08-14(中国香港)",
    "集数": "30集",
    "单集片长": "45分钟",
    "豆瓣评分": 8.2
  },
  {
    "制片国家/地区": "中国香港",
    "类型": "爱情片",
    "年代": "2010年代",
    "主演": "黄宗泽",
    "导演": "庄伟建",
    "片名": "潜行狙击",
    "主演名单": "黄宗泽 / 谢天华 / 陈法拉 / 徐子珊",
    "首播时间": "2011-08-01(中国香港)",
    "集数": "30集",
    "单集片长": "45分钟",
    "豆瓣评分": 8.5
  },
  {
    "制片国家/地区": "中国香港",
    "类型": "爱情片",
    "年代": "2000年代",
    "主演": "张家辉",
    "导演": "罗永贤",
    "片名": "金装四大才子",
    "主演名单": "张家辉 / 林家栋 / 欧阳震华 / 魏骏杰",
    "首播时间": "2000-08-07(中国香港)",
    "集数": "52集",
    "单集片长": "45分钟",
    "豆瓣评分": 7.6
  },
  {
    "制片国家/地区": "中国香港",
    "类型": "爱情片",
    "年代": "90年代",
    "主演": "古天乐",
    "导演": "李添胜",
    "片名": "神雕侠侣",
    "主演名单": "古天乐 / 李若彤 / 白彪 / 魏秋桦",
    "首播时间": "1995-07-31(中国香港)",
    "集数": "32集",
    "单集片长": "45分钟",
    "豆瓣评分": 9.1
  },
  {
    "制片国家/地区": "中国香港",
    "类型": "科幻片",
    "年代": "2010年代",
    "主演": "吴绮莉",
    "导演": "谭惠贞",
    "片名": "理想国",
    "主演名单": "吴绮莉 / 林祖辉 / 骆振伟 / 吴海昕",
    "首播时间": "2019-08-05(中国香港)",
    "集数": "13集",
    "单集片长": "45分钟",
    "豆瓣评分": 7.4
  },
  {
    "制片国家/地区": "中国香港",
    "类型": "悬疑片",
    "年代": "2010年代",
    "主演": "郭晋安",
    "导演": "王心慰",
    "片名": "忠奸人",
    "主演名单": "郭晋安 / 吴卓羲 / 田蕊妮 / 商天娥",
    "首播时间": "2014-07-14(中国香港)",
    "集数": "30集",
    "单集片长": "40分钟",
    "豆瓣评分": 7.7
  },
  {
    "制片国家/地区": "中国香港",
    "类型": "悬疑片",
    "年代": "2000年代",
    "主演": "欧阳震华",
    "导演": "萧显辉",
    "片名": "洗冤录2",
    "主演名单": "欧阳震华 / 佘诗曼 / 滕丽名 / 欧锦棠",
    "首播时间": "2003-02-24(中国香港)",
    "集数": "22集",
    "单集片长": "45分钟",
    "豆瓣评分": 7.8
  },
  {
    "制片国家/地区": "中国香港",
    "类型": "犯罪片",
    "年代": "2010年代",
    "主演": "苗侨伟",
    "导演": "文伟鸿",
    "片名": "使徒行者",
    "主演名单": "苗侨伟 / 佘诗曼 / 林峯 / 沈震轩",
    "首播时间": "2014-08-25(中国香港)",
    "集数": "30集",
    "单集片长": "45分钟",
    "豆瓣评分": 8.3
  },
  {
    "制片国家/地区": "中国香港",
    "类型": "犯罪片",
    "年代": "2000年代",
    "主演": "欧阳震华",
    "导演": "梅小青",
    "片名": "法证先锋",
    "主演名单": "欧阳震华 / 林文龙 / 蒙嘉慧 / 钟嘉欣",
    "首播时间": "2006-06-13(中国香港)",
    "集数": "25集",
    "单集片长": "45分钟",
    "豆瓣评分": 8.5
  },
  {
    "制片国家/地区": "美国",
    "类型": "剧情片",
    "年代": "2010年代",
    "主演": "伊萨克·亨普斯特德-怀特",
    "导演": "蒂莫西·范·帕腾",
    "片名": "权力的游戏 第一季",
    "主演名单": "伊萨克·亨普斯特德-怀特 / 查尔斯·丹斯 / 约翰·C·布莱德利",
    "首播时间": "2011-04-17(美国)",
    "集数": "10集",
    "单集片长": "60分钟",
    "豆瓣评分": 9.4
  },
  {
    "制片国家/地区": "美国",
    "类型": "剧情片",
    "年代": "2000年代",
    "主演": "戴米恩·路易斯",
    "导演": "大卫·弗兰科尔",
    "片名": "兄弟连",
    "主演名单": "戴米恩·路易斯 / 唐尼·沃尔伯格 / 朗·里维斯顿",
    "首播时间": "2001-09-09(美国)",
    "集数": "10集",
    "单集片长": "70分钟",
    "豆瓣评分": 9.6
  },
  {
    "制片国家/地区": "美国",
    "类型": "剧情片",
    "年代": "90年代",
    "主演": "杰瑞米·布雷特",
    "导演": "约翰·马登",
    "片名": "福尔摩斯新探案",
    "主演名单": "杰瑞米·布雷特 / 爱德华·哈德威克",
    "首播时间": "1991-02-21(美国)",
    "集数": "12集",
    "单集片长": "50分钟",
    "豆瓣评分": 9.5
  },
  {
    "制片国家/地区": "美国",
    "类型": "喜剧片",
    "年代": "2010年代",
    "主演": "吉姆·帕森斯",
    "导演": "马克·森卓斯基",
    "片名": "生活大爆炸 第十二季",
    "主演名单": "吉姆·帕森斯 / 约翰尼·盖尔克奇 / 凯莉·库柯",
    "首播时间": "2018-09-24(美国)",
    "集数": "24集",
    "单集片长": "22分钟",
    "豆瓣评分": 9.6
  },
  {
    "制片国家/地区": "美国",
    "类型": "喜剧片",
    "年代": "2000年代",
    "主演": "吉姆·帕森斯",
    "导演": "詹姆斯·伯罗斯",
    "片名": "生活大爆炸 第一季",
    "主演名单": "吉姆·帕森斯 / 约翰尼·盖尔克奇 / 凯莉·库柯",
    "首播时间": "2007-09-24(美国)",
    "集数": "17集",
    "单集片长": "21分钟",
    "豆瓣评分": 9.4
  },
  {
    "制片国家/地区": "美国",
    "类型": "喜剧片",
    "年代": "90年代",
    "主演": "詹妮弗·安妮斯顿",
    "导演": "大卫·克拉尼",
    "片名": "老友记 第一季",
    "主演名单": "詹妮弗·安妮斯顿 / 柯特妮·考克斯 / 丽莎·库卓",
    "首播时间": "1994-09-22(美国)",
    "集数": "24集",
    "单集片长": "30分钟",
    "豆瓣评分": 9.6
  },
  {
    "制片国家/地区": "美国",
    "类型": "动作片",
    "年代": "2010年代",
    "主演": "瓦格纳·马拉",
    "导演": "安德烈斯·拜斯",
    "片名": "毒枭",
    "主演名单": "瓦格纳·马拉 / 乔安娜 克里斯蒂 / 莫里斯·孔特",
    "首播时间": "2015-08-28(美国)",
    "集数": "10集",
    "单集片长": "49分钟",
    "豆瓣评分": 9.3
  },
  {
    "制片国家/地区": "美国",
    "类型": "动作片",
    "年代": "2000年代",
    "主演": "温特沃斯·米勒",
    "导演": "布莱特·拉特纳",
    "片名": "越狱 第一季",
    "主演名单": "温特沃斯·米勒 / 多米尼克·珀塞尔 / 彼得·斯特曼",
    "首播时间": "2005-09-01(美国)",
    "集数": "22集",
    "单集片长": "42分钟",
    "豆瓣评分": 9.3
  },
  {
    "制片国家/地区": "美国",
    "类型": "爱情片",
    "年代": "2010年代",
    "主演": "安妮·海瑟薇",
    "导演": "约翰·卡尼",
    "片名": "摩登情爱 第一季",
    "主演名单": "安妮·海瑟薇 / 安德鲁·斯科特 / 蒂娜·菲",
    "首播时间": "2019-10-18(美国)",
    "集数": "8集",
    "单集片长": "30分钟",
    "豆瓣评分": 8.7
  },
  {
    "制片国家/地区": "美国",
    "类型": "爱情片",
    "年代": "2000年代",
    "主演": "玛西亚·克劳斯",
    "导演": "拉里·肖",
    "片名": "绝望主妇 第一季",
    "主演名单": "玛西亚·克劳斯 / 菲丽西提·霍夫曼 / 伊娃·朗格利亚",
    "首播时间": "2004-10-03(美国)",
    "集数": "23集",
    "单集片长": "45分钟",
    "豆瓣评分": 8.8
  },
  {
    "制片国家/地区": "美国",
    "类型": "爱情片",
    "年代": "90年代",
    "主演": "詹妮弗·安妮斯顿",
    "导演": "大卫·克拉尼",
    "片名": "老友记 第一季",
    "主演名单": "詹妮弗·安妮斯顿 / 柯特妮·考克斯 / 丽莎·库卓",
    "首播时间": "1994-09-22(美国)",
    "集数": "24集",
    "单集片长": "30分钟",
    "豆瓣评分": 9.6
  },
  {
    "制片国家/地区": "美国",
    "类型": "科幻片",
    "年代": "2010年代",
    "主演": "埃文·蕾切尔·伍德",
    "导演": "乔纳森·诺兰",
    "片名": "西部世界 第一季",
    "主演名单": "埃文·蕾切尔·伍德 / 安东尼·霍普金斯 / 艾德·哈里斯",
    "首播时间": "2016-10-02(美国)",
    "集数": "10集",
    "单集片长": "60分钟",
    "豆瓣评分": 8.9
  },
  {
    "制片国家/地区": "美国",
    "类型": "科幻片",
    "年代": "2000年代",
    "主演": "安娜·托芙",
    "导演": "艾利克斯·格雷夫斯",
    "片名": "危机边缘 第一季",
    "主演名单": "安娜·托芙 / 约翰·诺贝尔 / 乔舒亚·杰克逊",
    "首播时间": "2008-09-23(美国)",
    "集数": "20集",
    "单集片长": "45分钟",
    "豆瓣评分": 8.6
  },
  {
    "制片国家/地区": "美国",
    "类型": "悬疑片",
    "年代": "2010年代",
    "主演": "休·丹西",
    "导演": "大卫·斯雷德",
    "片名": "汉尼拔 第一季",
    "主演名单": "休·丹西 / 麦斯·米科尔森 / 卡罗利娜·达韦纳",
    "首播时间": "2013-04-04(美国)",
    "集数": "13集",
    "单集片长": "43分钟",
    "豆瓣评分": 8.3
  },
  {
    "制片国家/地区": "美国",
    "类型": "悬疑片",
    "年代": "2000年代",
    "主演": "马修·福克斯",
    "导演": "J·J·艾布拉姆斯",
    "片名": "迷失 第一季",
    "主演名单": "马修·福克斯 / 豪尔赫·加西亚 / 金大贤",
    "首播时间": "2004-09-22(美国)",
    "集数": "25集",
    "单集片长": "42分钟",
    "豆瓣评分": 8.5
  },
  {
    "制片国家/地区": "美国",
    "类型": "犯罪片",
    "年代": "2010年代",
    "主演": "瓦格纳·马拉",
    "导演": "安德烈斯·拜斯",
    "片名": "毒枭",
    "主演名单": "瓦格纳·马拉 / 乔安娜 克里斯蒂 / 莫里斯·孔特",
    "首播时间": "2015-08-28(美国)",
    "集数": "10集",
    "单集片长": "49分钟",
    "豆瓣评分": 9.3
  },
  {
    "制片国家/地区": "美国",
    "类型": "犯罪片",
    "年代": "2000年代",
    "主演": "布莱恩·科兰斯顿",
    "导演": "亚当·伯恩斯坦",
    "片名": "绝命毒师 第一季",
    "主演名单": "布莱恩·科兰斯顿 / 亚伦·保尔 / 安娜·冈",
    "首播时间": "2008-01-20(美国)",
    "集数": "7集",
    "单集片长": "50分钟",
    "豆瓣评分": 9.0
  },
  {
    "制片国家/地区": "日本",
    "类型": "剧情片",
    "年代": "2010年代",
    "主演": "石原里美",
    "导演": "冢原亚由子",
    "片名": "非自然死亡",
    "主演名单": "石原里美 / 井浦新 / 洼田正孝",
    "首播时间": "2018-01-12(日本)",
    "集数": "10集",
    "单集片长": "45分钟",
    "豆瓣评分": 9.4
  },
  {
    "制片国家/地区": "日本",
    "类型": "剧情片",
    "年代": "2000年代",
    "主演": "小林薰",
    "导演": "松冈锭司",
    "片名": "深夜食堂",
    "主演名单": "小林薰 / 须藤理彩 / 田畑智子",
    "首播时间": "2009-10-09(日本)",
    "集数": "10集",
    "单集片长": "25分钟",
    "豆瓣评分": 9.2
  },
  {
    "制片国家/地区": "日本",
    "类型": "剧情片",
    "年代": "90年代",
    "主演": "二见一树",
    "导演": "坂本太郎",
    "片名": "铁甲小宝",
    "主演名单": "二见一树 / 木村雅 / 小出由华",
    "首播时间": "1997-02-23(日本)",
    "集数": "52集",
    "单集片长": "22分钟",
    "豆瓣评分": 8.4
  },
  {
    "制片国家/地区": "日本",
    "类型": "喜剧片",
    "年代": "2010年代",
    "主演": "贺来贤人",
    "导演": "福田雄一",
    "片名": "我是大哥大",
    "主演名单": "贺来贤人 / 伊藤健太郎 / 清野菜名",
    "首播时间": "2018-10-14(日本)",
    "集数": "10集",
    "单集片长": "46分钟",
    "豆瓣评分": 9.2
  },
  {
    "制片国家/地区": "日本",
    "类型": "喜剧片",
    "年代": "2000年代",
    "主演": "上野树里",
    "导演": "武内英树",
    "片名": "交响情人梦",
    "主演名单": "上野树里 / 玉木宏 / 永山瑛太",
    "首播时间": "2006-10-16(日本)",
    "集数": "11集",
    "单集片长": "47分钟",
    "豆瓣评分": 9.1
  },
  {
    "制片国家/地区": "日本",
    "类型": "喜剧片",
    "年代": "90年代",
    "主演": "木村拓哉",
    "导演": "永山耕三",
    "片名": "悠长假期",
    "主演名单": "木村拓哉 / 山口智子 / 竹野内丰",
    "首播时间": "1996-04-15(日本)",
    "集数": "11集",
    "单集片长": "54分钟",
    "豆瓣评分": 9.2
  },
  {
    "制片国家/地区": "日本",
    "类型": "动作片",
    "年代": "2010年代",
    "主演": "松本润",
    "导演": "佐藤信介",
    "片名": "幸运七人组",
    "主演名单": "松本润 / 永山瑛太 / 仲里依纱",
    "首播时间": "2012-01-16(日本)",
    "集数": "10集",
    "单集片长": "54分钟",
    "豆瓣评分": 7.3
  },
  {
    "制片国家/地区": "日本",
    "类型": "动作片",
    "年代": "2000年代",
    "主演": "川久保拓司",
    "导演": "小中和哉",
    "片名": "奈克瑟斯奥特曼",
    "主演名单": "川久保拓司 / 桐島優介 / 内山眞人",
    "首播时间": "2004-10-02(日本)",
    "集数": "37集",
    "单集片长": "24分钟",
    "豆瓣评分": 9.4
  },
  {
    "制片国家/地区": "日本",
    "类型": "爱情片",
    "年代": "2010年代",
    "主演": "矢作穗香",
    "导演": "永田琴",
    "片名": "一吻定情",
    "主演名单": "矢作穗香 / 古川雄辉 / 山田裕贵",
    "首播时间": "2013-03-29(日本)",
    "集数": "16集",
    "单集片长": "50分钟",
    "豆瓣评分": 8.4
  },
  {
    "制片国家/地区": "日本",
    "类型": "爱情片",
    "年代": "2000年代",
    "主演": "山下智久",
    "导演": "成田岳",
    "片名": "求婚大作战",
    "主演名单": "山下智久 / 长泽雅美 / 藤木直人",
    "首播时间": "2007-04-16(日本)",
    "集数": "11集",
    "单集片长": "50分钟",
    "豆瓣评分": 8.8
  },
  {
    "制片国家/地区": "日本",
    "类型": "爱情片",
    "年代": "90年代",
    "主演": "铃木保奈美",
    "导演": "永山耕三",
    "片名": "东京爱情故事",
    "主演名单": "铃木保奈美 / 织田裕二 / 江口洋介",
    "首播时间": "1991-01-07(日本)",
    "集数": "11集",
    "单集片长": "47分钟",
    "豆瓣评分": 9.4
  },
  {
    "制片国家/地区": "日本",
    "类型": "科幻片",
    "年代": "2010年代",
    "主演": "古川雄辉",
    "导演": "下山天",
    "片名": "只有我不在的街道",
    "主演名单": "古川雄辉 / 优希美青 / 白洲迅",
    "首播时间": "2017-12-15(日本)",
    "集数": "12集",
    "单集片长": "30分钟",
    "豆瓣评分": 8.1
  },
  {
    "制片国家/地区": "日本",
    "类型": "科幻片",
    "年代": "2000年代",
    "主演": "大泽隆夫",
    "导演": "平川雄一朗",
    "片名": "仁医",
    "主演名单": "大泽隆夫 / 中谷美纪 / 绫濑遥",
    "首播时间": "2009-10-11(日本)",
    "集数": "11集",
    "单集片长": "54分钟",
    "豆瓣评分": 9.1
  },
  {
    "制片国家/地区": "日本",
    "类型": "悬疑片",
    "年代": "2010年代",
    "主演": "松隆子",
    "导演": "土井裕泰",
    "片名": "四重奏",
    "主演名单": "松隆子 / 满岛光 / 高桥一生",
    "首播时间": " 2017-01-17(日本)",
    "集数": "10集",
    "单集片长": "45分钟",
    "豆瓣评分": 9.1
  },
  {
    "制片国家/地区": "日本",
    "类型": "悬疑片",
    "年代": "2000年代",
    "主演": "福山雅治",
    "导演": "西谷弘",
    "片名": "神探伽利略",
    "主演名单": "福山雅治 / 柴崎幸 / 北村一辉",
    "首播时间": "2007-10-15(日本)",
    "集数": "10集",
    "单集片长": "54分钟",
    "豆瓣评分": 8.2
  },
  {
    "制片国家/地区": "日本",
    "类型": "犯罪片",
    "年代": "2010年代",
    "主演": "堺雅人",
    "导演": "石川淳一",
    "片名": "胜者即是正义",
    "主演名单": "堺雅人 / 新垣结衣 / 生濑胜久",
    "首播时间": "2012-04-17(日本)",
    "集数": "11集",
    "单集片长": "54分钟",
    "豆瓣评分": 9.4
  },
  {
    "制片国家/地区": "日本",
    "类型": "犯罪片",
    "年代": "2000年代",
    "主演": "户田惠梨香",
    "导演": "松山博昭",
    "片名": "诈欺游戏",
    "主演名单": "户田惠梨香 / 松田翔太 / 吉濑美智子",
    "首播时间": "2007-04-14(日本)",
    "集数": "11集",
    "单集片长": "36分钟",
    "豆瓣评分": 8.4
  },
  {
    "制片国家/地区": "韩国",
    "类型": "剧情片",
    "年代": "2010年代",
    "主演": "玄彬",
    "导演": "李政孝",
    "片名": "爱的迫降",
    "主演名单": "玄彬 / 孙艺珍 / 徐智慧 / 金正贤",
    "首播时间": "2019-12-14(韩国)",
    "集数": "16集",
    "单集片长": "70分钟",
    "豆瓣评分": 8.3
  },
  {
    "制片国家/地区": "韩国",
    "类型": "剧情片",
    "年代": "2000年代",
    "主演": "李英爱",
    "导演": "李炳勋",
    "片名": "大长今",
    "主演名单": "李英爱 / 池珍熙 / 林浩 / 洪利娜",
    "首播时间": "2003-09-15(韩国)",
    "集数": "54集",
    "单集片长": "60分钟",
    "豆瓣评分": 8.2
  },
  {
    "制片国家/地区": "韩国",
    "类型": "剧情片",
    "年代": "90年代",
    "主演": "廉晶雅",
    "导演": "李光勋",
    "片名": "天桥风云",
    "主演名单": "廉晶雅 / 张东健 / 韩在硕 / 金南珠",
    "首播时间": "1997-04-09(韩国)",
    "集数": "36集",
    "单集片长": "50分钟",
    "豆瓣评分": 8.4
  },
  {
    "制片国家/地区": "韩国",
    "类型": "喜剧片",
    "年代": "2010年代",
    "主演": "成东日",
    "导演": "申源浩",
    "片名": "请回答1988",
    "主演名单": "成东日 / 李一花 / 罗美兰 / 金成钧",
    "首播时间": "2015-11-06(韩国)",
    "集数": "20集",
    "单集片长": "90分钟",
    "豆瓣评分": 9.7
  },
  {
    "制片国家/地区": "韩国",
    "类型": "喜剧片",
    "年代": "2000年代",
    "主演": "金宣儿",
    "导演": "金尹哲",
    "片名": "我叫金三顺",
    "主演名单": "金宣儿 / 玄彬 / 郑丽媛 / 丹尼尔·海尼",
    "首播时间": "2005-06-01(韩国)",
    "集数": "16集",
    "单集片长": "60分钟",
    "豆瓣评分": 8.5
  },
  {
    "制片国家/地区": "韩国",
    "类型": "动作片",
    "年代": "2010年代",
    "主演": "李敏镐",
    "导演": "陈赫",
    "片名": "城市猎人",
    "主演名单": "李敏镐 / 朴敏英 / 李俊赫 / 具荷拉",
    "首播时间": "2011-05-25(韩国)",
    "集数": "20集",
    "单集片长": "65分钟",
    "豆瓣评分": 8.1
  },
  {
    "制片国家/地区": "韩国",
    "类型": "动作片",
    "年代": "2000年代",
    "主演": "李准基",
    "导演": "李容硕",
    "片名": "一枝梅",
    "主演名单": "李准基 / 韩孝周 / 李英雅 / 朴施厚",
    "首播时间": "2008-05-21(韩国)",
    "集数": "20集",
    "单集片长": "60分钟",
    "豆瓣评分": 8.5
  },
  {
    "制片国家/地区": "韩国",
    "类型": "爱情片",
    "年代": "2010年代",
    "主演": "金秀贤",
    "导演": "张太维",
    "片名": "来自星星的你",
    "主演名单": "金秀贤 / 全智贤 / 朴海镇 / 刘仁娜",
    "首播时间": "2013-12-18(韩国)",
    "集数": "21集",
    "单集片长": "60分钟",
    "豆瓣评分": 8.3
  },
  {
    "制片国家/地区": "韩国",
    "类型": "爱情片",
    "年代": "2000年代",
    "主演": "宋慧乔",
    "导演": "表民洙",
    "片名": "浪漫满屋",
    "主演名单": "宋慧乔 / 郑智薰 / 金圣洙 / 韩多感",
    "首播时间": "2004-07-14(韩国)",
    "集数": "16集",
    "单集片长": "66分钟",
    "豆瓣评分": 8.1
  },
  {
    "制片国家/地区": "韩国",
    "类型": "爱情片",
    "年代": "90年代",
    "主演": "崔真实",
    "导演": "李昌翰",
    "片名": "星梦奇缘",
    "主演名单": "崔真实 / 安在旭 / 车仁表 / 全度妍",
    "首播时间": "1997-03-10(韩国)",
    "集数": "16集",
    "单集片长": "60分钟",
    "豆瓣评分": 8.2
  },
  {
    "制片国家/地区": "韩国",
    "类型": "科幻片",
    "年代": "2010年代",
    "主演": "玄彬",
    "导演": "申宇哲",
    "片名": "秘密花园",
    "主演名单": "玄彬 / 河智苑 / 尹相铉 / 金莎朗",
    "首播时间": "2010-11-13(韩国)",
    "集数": "20集",
    "单集片长": "65分钟",
    "豆瓣评分": 8.4
  },
  {
    "制片国家/地区": "韩国",
    "类型": "悬疑片",
    "年代": "2010年代",
    "主演": "李帝勋",
    "导演": "金元锡",
    "片名": "信号",
    "主演名单": "李帝勋 / 赵震雄 / 金惠秀 / 张铉诚",
    "首播时间": "2016-01-22(韩国)",
    "集数": "16集",
    "单集片长": "64分钟",
    "豆瓣评分": 9.2
  },
  {
    "制片国家/地区": "韩国",
    "类型": "犯罪片",
    "年代": "2010年代",
    "主演": "任时完",
    "导演": "李昌熙",
    "片名": "他人即地狱",
    "主演名单": "任时完 / 李栋旭 / 李静恩 / 李铉旭",
    "首播时间": "2019-08-31(韩国)",
    "集数": "10集",
    "单集片长": "60分钟",
    "豆瓣评分": 8.4
  },
  {
    "制片国家/地区": "韩国",
    "类型": "犯罪片",
    "年代": "2000年代",
    "主演": "李准基",
    "导演": "金镇民",
    "片名": "狗和狼的时间",
    "主演名单": "李准基 / 南相美 / 郑京浩 / 崔宰诚",
    "首播时间": "2007-07-18(韩国)",
    "集数": "16集",
    "单集片长": "60分钟",
    "豆瓣评分": 8.5
  }
]