[
  {
    "城市": "北京",
    "日期": "下周一",
    "天气": "晴",
    "温度": "最高温度8摄氏度，最低温度-6摄氏度",
    "风力风向": "西南风3-4级",
    "紫外线强度": "强"
  },
  {
    "城市": "北京",
    "日期": "下周二",
    "天气": "晴",
    "温度": "最高温度10摄氏度，最低温度-5摄氏度",
    "风力风向": "西南风2级",
    "紫外线强度": "强"
  },
  {
    "城市": "北京",
    "日期": "下周三",
    "天气": "晴转多云",
    "温度": "最高温度8摄氏度，最低温度-5摄氏度",
    "风力风向": "东南风2级",
    "紫外线强度": "强"
  },
  {
    "城市": "北京",
    "日期": "下周四",
    "天气": "多云",
    "温度": "最高温度4摄氏度，最低温度-4摄氏度",
    "风力风向": "东南风1级",
    "紫外线强度": "强"
  },
  {
    "城市": "北京",
    "日期": "下周五",
    "天气": "多云转晴",
    "温度": "最高温度8摄氏度，最低温度-3摄氏度",
    "风力风向": "西北风3-4级",
    "紫外线强度": "强"
  },
  {
    "城市": "北京",
    "日期": "下周六",
    "天气": "晴",
    "温度": "最高温度9摄氏度，最低温度-3摄氏度",
    "风力风向": "北风3级",
    "紫外线强度": "强"
  },
  {
    "城市": "北京",
    "日期": "下周日",
    "天气": "晴",
    "温度": "最高温度9摄氏度，最低温度-2摄氏度",
    "风力风向": "北风3-4级",
    "紫外线强度": "强"
  },
  {
    "城市": "上海",
    "日期": "下周一",
    "天气": "晴",
    "温度": "最高温度10摄氏度，最低温度1摄氏度",
    "风力风向": "西北风3-4级",
    "紫外线强度": "强"
  },
  {
    "城市": "上海",
    "日期": "下周二",
    "天气": "晴转多云",
    "温度": "最高温度10摄氏度，最低温度2摄氏度",
    "风力风向": "东南风2级",
    "紫外线强度": "强"
  },
  {
    "城市": "上海",
    "日期": "下周三",
    "天气": "多云转晴",
    "温度": "最高温度11摄氏度，最低温度5摄氏度",
    "风力风向": "西北风3-4级",
    "紫外线强度": "弱"
  },
  {
    "城市": "上海",
    "日期": "下周四",
    "天气": "晴",
    "温度": "最高温度15摄氏度，最低温度8摄氏度",
    "风力风向": "西北风2级",
    "紫外线强度": "强"
  },
  {
    "城市": "上海",
    "日期": "下周五",
    "天气": "小雨",
    "温度": "最高温度16摄氏度，最低温度9摄氏度",
    "风力风向": "北风2级",
    "紫外线强度": "最弱"
  },
  {
    "城市": "上海",
    "日期": "下周六",
    "天气": "晴转多云",
    "温度": "最高温度17摄氏度，最低温度9摄氏度",
    "风力风向": "南风1级",
    "紫外线强度": "强"
  },
  {
    "城市": "上海",
    "日期": "下周日",
    "天气": "晴转多云",
    "温度": "最高温度18摄氏度，最低温度11摄氏度",
    "风力风向": "南风2级",
    "紫外线强度": "强"
  },
  {
    "城市": "广州",
    "日期": "下周一",
    "天气": "晴",
    "温度": "最高温度18摄氏度，最低温度5摄氏度",
    "风力风向": "东北风1级",
    "紫外线强度": "很强"
  },
  {
    "城市": "广州",
    "日期": "下周二",
    "天气": "晴转多云",
    "温度": "最高温度18摄氏度，最低温度5摄氏度",
    "风力风向": "无持续风向微风",
    "紫外线强度": "很强"
  },
  {
    "城市": "广州",
    "日期": "下周三",
    "天气": "多云",
    "温度": "最高温度19摄氏度，最低温度7摄氏度",
    "风力风向": "无持续风向微风",
    "紫外线强度": "中等"
  },
  {
    "城市": "广州",
    "日期": "下周四",
    "天气": "多云",
    "温度": "最高温度20摄氏度，最低温度10摄氏度",
    "风力风向": "无持续风向微风",
    "紫外线强度": "弱"
  },
  {
    "城市": "广州",
    "日期": "下周五",
    "天气": "多云",
    "温度": "最高温度22摄氏度，最低温度13摄氏度",
    "风力风向": "东北风1级",
    "紫外线强度": "中等"
  },
  {
    "城市": "广州",
    "日期": "下周六",
    "天气": "多云",
    "温度": "最高温度23摄氏度，最低温度14摄氏度",
    "风力风向": "东北风2级",
    "紫外线强度": "很强"
  },
  {
    "城市": "广州",
    "日期": "下周日",
    "天气": "多云",
    "温度": "最高温度24摄氏度，最低温度14摄氏度",
    "风力风向": "无持续风向微风",
    "紫外线强度": "中等"
  },
  {
    "城市": "深圳",
    "日期": "下周一",
    "天气": "晴",
    "温度": "最高温度17摄氏度，最低温度7摄氏度",
    "风力风向": "东北风2级",
    "紫外线强度": "很强"
  },
  {
    "城市": "深圳",
    "日期": "下周二",
    "天气": "晴",
    "温度": "最高温度17摄氏度，最低温度7摄氏度",
    "风力风向": "无持续风向微风",
    "紫外线强度": "很强"
  },
  {
    "城市": "深圳",
    "日期": "下周三",
    "天气": "晴转多云",
    "温度": "最高温度18摄氏度，最低温度11摄氏度",
    "风力风向": "东风3-4级",
    "紫外线强度": "很强"
  },
  {
    "城市": "深圳",
    "日期": "下周四",
    "天气": "多云",
    "温度": "最高温度20摄氏度，最低温度14摄氏度",
    "风力风向": "东风3-4级",
    "紫外线强度": "弱"
  },
  {
    "城市": "深圳",
    "日期": "下周五",
    "天气": "多云",
    "温度": "最高温度21摄氏度，最低温度15摄氏度",
    "风力风向": "东风2级",
    "紫外线强度": "中等"
  },
  {
    "城市": "深圳",
    "日期": "下周六",
    "天气": "多云",
    "温度": "最高温度23摄氏度，最低温度16摄氏度",
    "风力风向": "无持续风向微风",
    "紫外线强度": "强"
  },
  {
    "城市": "深圳",
    "日期": "下周日",
    "天气": "多云",
    "温度": "最高温度22摄氏度，最低温度16摄氏度",
    "风力风向": "东北风1级",
    "紫外线强度": "弱"
  },
  {
    "城市": "杭州",
    "日期": "下周一",
    "天气": "晴",
    "温度": "最高温度11摄氏度，最低温度-1摄氏度",
    "风力风向": "北风2级",
    "紫外线强度": "强"
  },
  {
    "城市": "杭州",
    "日期": "下周二",
    "天气": "晴",
    "温度": "最高温度11摄氏度，最低温度0摄氏度",
    "风力风向": "北风1级",
    "紫外线强度": "强"
  },
  {
    "城市": "杭州",
    "日期": "下周三",
    "天气": "多云",
    "温度": "最高温度14摄氏度，最低温度1摄氏度",
    "风力风向": "东南风1级",
    "紫外线强度": "弱"
  },
  {
    "城市": "杭州",
    "日期": "下周四",
    "天气": "晴转多云",
    "温度": "最高温度16摄氏度，最低温度5摄氏度",
    "风力风向": "东风3-4级",
    "紫外线强度": "强"
  },
  {
    "城市": "杭州",
    "日期": "下周五",
    "天气": "阴转小雨",
    "温度": "最高温度18摄氏度，最低温度7摄氏度",
    "风力风向": "北风3-4级",
    "紫外线强度": "最弱"
  },
  {
    "城市": "杭州",
    "日期": "下周六",
    "天气": "晴",
    "温度": "最高温度17摄氏度，最低温度7摄氏度",
    "风力风向": "东南风1级",
    "紫外线强度": "强"
  },
  {
    "城市": "杭州",
    "日期": "下周日",
    "天气": "多云转阴",
    "温度": "最高温度21摄氏度，最低温度9摄氏度",
    "风力风向": "东南风3-4级",
    "紫外线强度": "强"
  },
  {
    "城市": "南京",
    "日期": "下周一",
    "天气": "晴",
    "温度": "最高温度9摄氏度，最低温度-2摄氏度",
    "风力风向": "西北风4-5级",
    "紫外线强度": "强"
  },
  {
    "城市": "南京",
    "日期": "下周二",
    "天气": "晴转多云",
    "温度": "最高温度9摄氏度，最低温度0摄氏度",
    "风力风向": "南风3-4级",
    "紫外线强度": "强"
  },
  {
    "城市": "南京",
    "日期": "下周三",
    "天气": "多云",
    "温度": "最高温度10摄氏度，最低温度2摄氏度",
    "风力风向": "东南风3-4级",
    "紫外线强度": "弱"
  },
  {
    "城市": "南京",
    "日期": "下周四",
    "天气": "多云",
    "温度": "最高温度14摄氏度，最低温度5摄氏度",
    "风力风向": "东南风2级",
    "紫外线强度": "中等"
  },
  {
    "城市": "南京",
    "日期": "下周五",
    "天气": "多云",
    "温度": "最高温度11摄氏度，最低温度5摄氏度",
    "风力风向": "西风2级",
    "紫外线强度": "弱"
  },
  {
    "城市": "南京",
    "日期": "下周六",
    "天气": "多云",
    "温度": "最高温度17摄氏度，最低温度6摄氏度",
    "风力风向": "西北风2级",
    "紫外线强度": "强"
  },
  {
    "城市": "南京",
    "日期": "下周日",
    "天气": "多云",
    "温度": "最高温度18摄氏度，最低温度7摄氏度",
    "风力风向": "东南风2级",
    "紫外线强度": "中等"
  },
  {
    "城市": "厦门",
    "日期": "下周一",
    "天气": "晴",
    "温度": "最高温度14摄氏度，最低温度8摄氏度",
    "风力风向": "东北风3-4级",
    "紫外线强度": "很强"
  },
  {
    "城市": "厦门",
    "日期": "下周二",
    "天气": "晴",
    "温度": "最高温度14摄氏度，最低温度7摄氏度",
    "风力风向": "东北风4-5级",
    "紫外线强度": "很强"
  },
  {
    "城市": "厦门",
    "日期": "下周三",
    "天气": "晴",
    "温度": "最高温度17摄氏度，最低温度9摄氏度",
    "风力风向": "东风2级",
    "紫外线强度": "很强"
  },
  {
    "城市": "厦门",
    "日期": "下周四",
    "天气": "晴",
    "温度": "最高温度20摄氏度，最低温度12摄氏度",
    "风力风向": "东北风4-5级",
    "紫外线强度": "很强"
  },
  {
    "城市": "厦门",
    "日期": "下周五",
    "天气": "晴",
    "温度": "最高温度21摄氏度，最低温度13摄氏度",
    "风力风向": "东南风3-4级",
    "紫外线强度": "很强"
  },
  {
    "城市": "厦门",
    "日期": "下周六",
    "天气": "晴",
    "温度": "最高温度23摄氏度，最低温度14摄氏度",
    "风力风向": "东北风3-4级",
    "紫外线强度": "很强"
  },
  {
    "城市": "厦门",
    "日期": "下周日",
    "天气": "晴",
    "温度": "最高温度22摄氏度，最低温度14摄氏度",
    "风力风向": "东北风2级",
    "紫外线强度": "很强"
  },
  {
    "城市": "成都",
    "日期": "下周一",
    "天气": "多云",
    "温度": "最高温度11摄氏度，最低温度4摄氏度",
    "风力风向": "东南风1级",
    "紫外线强度": "弱"
  },
  {
    "城市": "成都",
    "日期": "下周二",
    "天气": "阴转小雨",
    "温度": "最高温度11摄氏度，最低温度4摄氏度",
    "风力风向": "无持续风向微风",
    "紫外线强度": "最弱"
  },
  {
    "城市": "成都",
    "日期": "下周三",
    "天气": "多云转阴",
    "温度": "最高温度13摄氏度，最低温度4摄氏度",
    "风力风向": "无持续风向微风",
    "紫外线强度": "强"
  },
  {
    "城市": "成都",
    "日期": "下周四",
    "天气": "阴转阵雨",
    "温度": "最高温度11摄氏度，最低温度7摄氏度",
    "风力风向": "无持续风向微风",
    "紫外线强度": "最弱"
  },
  {
    "城市": "成都",
    "日期": "下周五",
    "天气": "多云",
    "温度": "最高温度15摄氏度，最低温度7摄氏度",
    "风力风向": "无持续风向微风",
    "紫外线强度": "中等"
  },
  {
    "城市": "成都",
    "日期": "下周六",
    "天气": "多云转阴",
    "温度": "最高温度15摄氏度，最低温度7摄氏度",
    "风力风向": "无持续风向微风",
    "紫外线强度": "中等"
  },
  {
    "城市": "成都",
    "日期": "下周日",
    "天气": "多云",
    "温度": "最高温度16摄氏度，最低温度9摄氏度",
    "风力风向": "无持续风向微风",
    "紫外线强度": "弱"
  },
  {
    "城市": "武汉",
    "日期": "下周一",
    "天气": "多云",
    "温度": "最高温度13摄氏度，最低温度-1摄氏度",
    "风力风向": "东风2级",
    "紫外线强度": "中等"
  },
  {
    "城市": "武汉",
    "日期": "下周二",
    "天气": "晴转多云",
    "温度": "最高温度13摄氏度，最低温度0摄氏度",
    "风力风向": "东南风2级",
    "紫外线强度": "强"
  },
  {
    "城市": "武汉",
    "日期": "下周三",
    "天气": "多云转晴",
    "温度": "最高温度11摄氏度，最低温度0摄氏度",
    "风力风向": "南风2级",
    "紫外线强度": "中等"
  },
  {
    "城市": "武汉",
    "日期": "下周四",
    "天气": "晴转多云",
    "温度": "最高温度15摄氏度，最低温度1摄氏度",
    "风力风向": "东风1级",
    "紫外线强度": "强"
  },
  {
    "城市": "武汉",
    "日期": "下周五",
    "天气": "小雨转多云",
    "温度": "最高温度12摄氏度，最低温度3摄氏度",
    "风力风向": "西北风2级",
    "紫外线强度": "最弱"
  },
  {
    "城市": "武汉",
    "日期": "下周六",
    "天气": "多云转晴",
    "温度": "最高温度15摄氏度，最低温度4摄氏度",
    "风力风向": "东南风2级",
    "紫外线强度": "强"
  },
  {
    "城市": "武汉",
    "日期": "下周日",
    "天气": "多云转晴",
    "温度": "最高温度19摄氏度，最低温度8摄氏度",
    "风力风向": "东南风2级",
    "紫外线强度": "中等"
  },
  {
    "城市": "苏州",
    "日期": "下周一",
    "天气": "晴",
    "温度": "最高温度9摄氏度，最低温度-1摄氏度",
    "风力风向": "西北风2级",
    "紫外线强度": "强"
  },
  {
    "城市": "苏州",
    "日期": "下周二",
    "天气": "晴转多云",
    "温度": "最高温度9摄氏度，最低温度1摄氏度",
    "风力风向": "西北风2级",
    "紫外线强度": "强"
  },
  {
    "城市": "苏州",
    "日期": "下周三",
    "天气": "阴",
    "温度": "最高温度11摄氏度，最低温度4摄氏度",
    "风力风向": "东南风2级",
    "紫外线强度": "最弱"
  },
  {
    "城市": "苏州",
    "日期": "下周四",
    "天气": "多云",
    "温度": "最高温度16摄氏度，最低温度6摄氏度",
    "风力风向": "东南风2级",
    "紫外线强度": "强"
  },
  {
    "城市": "苏州",
    "日期": "下周五",
    "天气": "阴转小雨",
    "温度": "最高温度15摄氏度，最低温度8摄氏度",
    "风力风向": "西风2级",
    "紫外线强度": "最弱"
  },
  {
    "城市": "苏州",
    "日期": "下周六",
    "天气": "多云转晴",
    "温度": "最高温度16摄氏度，最低温度6摄氏度",
    "风力风向": "西南风2级",
    "紫外线强度": "强"
  },
  {
    "城市": "苏州",
    "日期": "下周日",
    "天气": "多云",
    "温度": "最高温度17摄氏度，最低温度8摄氏度",
    "风力风向": "西南风2级",
    "紫外线强度": "强"
  }
]